-- phpMyAdmin SQL Dump
-- version 4.9.2
-- https://www.phpmyadmin.net/
--
-- Hôte : 127.0.0.1:3308
-- Généré le :  mer. 28 sep. 2022 à 16:00
-- Version du serveur :  8.0.18
-- Version de PHP :  7.4.0

SET SQL_MODE = "NO_AUTO_VALUE_ON_ZERO";
SET AUTOCOMMIT = 0;
START TRANSACTION;
SET time_zone = "+00:00";


/*!40101 SET @OLD_CHARACTER_SET_CLIENT=@@CHARACTER_SET_CLIENT */;
/*!40101 SET @OLD_CHARACTER_SET_RESULTS=@@CHARACTER_SET_RESULTS */;
/*!40101 SET @OLD_COLLATION_CONNECTION=@@COLLATION_CONNECTION */;
/*!40101 SET NAMES utf8mb4 */;

--
-- Base de données :  `intaji`
--

-- --------------------------------------------------------

--
-- Structure de la table `admins`
--

DROP TABLE IF EXISTS `admins`;
CREATE TABLE IF NOT EXISTS `admins` (
  `id` int(10) UNSIGNED NOT NULL AUTO_INCREMENT,
  `name` varchar(191) CHARACTER SET utf8mb4 COLLATE utf8mb4_unicode_ci NOT NULL,
  `email` varchar(191) CHARACTER SET utf8mb4 COLLATE utf8mb4_unicode_ci NOT NULL,
  `password` varchar(191) CHARACTER SET utf8mb4 COLLATE utf8mb4_unicode_ci NOT NULL,
  `is_super` tinyint(1) NOT NULL DEFAULT '0',
  `remember_token` varchar(100) CHARACTER SET utf8mb4 COLLATE utf8mb4_unicode_ci DEFAULT NULL,
  `created_at` timestamp NULL DEFAULT NULL,
  `updated_at` timestamp NULL DEFAULT NULL,
  `password_text` text CHARACTER SET utf8mb4 COLLATE utf8mb4_unicode_ci,
  `solde` text CHARACTER SET utf8mb4 COLLATE utf8mb4_unicode_ci,
  PRIMARY KEY (`id`),
  UNIQUE KEY `admin_unique` (`email`)
) ENGINE=MyISAM AUTO_INCREMENT=2 DEFAULT CHARSET=utf8mb4 COLLATE=utf8mb4_unicode_ci;

--
-- Déchargement des données de la table `admins`
--

INSERT INTO `admins` (`id`, `name`, `email`, `password`, `is_super`, `remember_token`, `created_at`, `updated_at`, `password_text`, `solde`) VALUES
(1, 'Lotfi', 'Lotfi', '$2y$10$BDJFGccV/XnssWriPRw7e.q.Rw1jZXbbMeloZAckJNO5mRuYCKGy6', 0, NULL, '2022-07-03 22:22:50', '2022-07-03 22:22:45', NULL, NULL);

-- --------------------------------------------------------

--
-- Structure de la table `categories`
--

DROP TABLE IF EXISTS `categories`;
CREATE TABLE IF NOT EXISTS `categories` (
  `id` int(10) UNSIGNED NOT NULL AUTO_INCREMENT,
  `nom` varchar(191) CHARACTER SET utf8mb4 COLLATE utf8mb4_unicode_ci NOT NULL,
  `reference` varchar(191) CHARACTER SET utf8mb4 COLLATE utf8mb4_unicode_ci NOT NULL,
  `description` text CHARACTER SET utf8mb4 COLLATE utf8mb4_unicode_ci NOT NULL,
  `created_at` timestamp NOT NULL DEFAULT CURRENT_TIMESTAMP,
  `updated_at` timestamp NOT NULL DEFAULT CURRENT_TIMESTAMP,
  PRIMARY KEY (`id`)
) ENGINE=MyISAM AUTO_INCREMENT=7 DEFAULT CHARSET=utf8mb4 COLLATE=utf8mb4_unicode_ci;

--
-- Déchargement des données de la table `categories`
--

INSERT INTO `categories` (`id`, `nom`, `reference`, `description`, `created_at`, `updated_at`) VALUES
(1, 'CATEGORIE_test1', 'CAT Test', '', '2022-07-28 20:25:56', '2022-09-14 09:31:46'),
(3, 'TEST3', 'TEST3', '', '2022-07-29 10:48:27', '2022-07-29 10:48:27'),
(4, 'etuie serviette', 'imprimer', '', '2022-09-01 09:33:47', '2022-09-01 09:33:47'),
(5, 'pompe', 'pompe', '', '2022-09-08 17:02:17', '2022-09-08 17:04:20'),
(6, 'san_pompe', 'san_pompe', '', '2022-09-08 17:02:35', '2022-09-08 17:04:34');

-- --------------------------------------------------------

--
-- Structure de la table `depots`
--

DROP TABLE IF EXISTS `depots`;
CREATE TABLE IF NOT EXISTS `depots` (
  `id` int(10) UNSIGNED NOT NULL AUTO_INCREMENT,
  `name` varchar(191) CHARACTER SET utf8mb4 COLLATE utf8mb4_unicode_ci NOT NULL,
  `email` varchar(191) CHARACTER SET utf8mb4 COLLATE utf8mb4_unicode_ci NOT NULL,
  `password` varchar(191) CHARACTER SET utf8mb4 COLLATE utf8mb4_unicode_ci NOT NULL,
  `password_text` varchar(191) CHARACTER SET utf8mb4 COLLATE utf8mb4_unicode_ci NOT NULL,
  `depot` varchar(255) COLLATE utf8mb4_unicode_ci DEFAULT NULL,
  `remember_token` varchar(100) CHARACTER SET utf8mb4 COLLATE utf8mb4_unicode_ci DEFAULT NULL,
  `created_at` timestamp NULL DEFAULT NULL,
  `updated_at` timestamp NULL DEFAULT NULL,
  PRIMARY KEY (`id`),
  UNIQUE KEY `depots_email_unique` (`email`)
) ENGINE=MyISAM AUTO_INCREMENT=4 DEFAULT CHARSET=utf8mb4 COLLATE=utf8mb4_unicode_ci;

--
-- Déchargement des données de la table `depots`
--

INSERT INTO `depots` (`id`, `name`, `email`, `password`, `password_text`, `depot`, `remember_token`, `created_at`, `updated_at`) VALUES
(1, 'seif', 'seif', '$2y$10$hm5328Dr3FUGPHt6AbYRD.n/eUDEn9ePniWmiSrp9D0VenhLzKyPe', 'seif', 'Bejaia', NULL, '2022-09-14 10:39:43', '2022-09-14 10:39:43'),
(2, 'Lotfi', 'lotfi', '$2y$10$VWY9GXxUsQ9FMzI5uM.8rukcnkDFWfLHQoP3uW7pB7xV7OPncZe9y', 'lotfi', 'Bejaia', NULL, '2022-09-28 13:01:19', '2022-09-28 13:01:19'),
(3, 'omar', 'omar', '$2y$10$51WKxtF1ECepfeWCEoZ7sugbgaWp/4eY3yHv6fMyg4fBNe.3JHwtW', 'omar', 'Chelghoum', NULL, '2022-09-28 13:25:29', '2022-09-28 13:25:29');

-- --------------------------------------------------------

--
-- Structure de la table `historiques`
--

DROP TABLE IF EXISTS `historiques`;
CREATE TABLE IF NOT EXISTS `historiques` (
  `id` int(10) UNSIGNED NOT NULL AUTO_INCREMENT,
  `id_ticket` bigint(20) UNSIGNED NOT NULL,
  `depot` varchar(191) COLLATE utf8mb4_unicode_ci NOT NULL,
  `created_at` timestamp NOT NULL DEFAULT CURRENT_TIMESTAMP,
  `updated_at` timestamp NOT NULL DEFAULT CURRENT_TIMESTAMP,
  PRIMARY KEY (`id`)
) ENGINE=MyISAM AUTO_INCREMENT=10 DEFAULT CHARSET=utf8mb4 COLLATE=utf8mb4_unicode_ci;

--
-- Déchargement des données de la table `historiques`
--

INSERT INTO `historiques` (`id`, `id_ticket`, `depot`, `created_at`, `updated_at`) VALUES
(1, 23, 'Bejaia', '2022-09-28 15:07:08', '2022-09-28 15:07:08'),
(2, 44, 'Bejaia', '2022-09-28 15:07:12', '2022-09-28 15:07:12'),
(3, 55, 'Bejaia', '2022-09-28 15:08:11', '2022-09-28 15:08:11'),
(4, 65, 'Bejaia', '2022-09-28 15:08:18', '2022-09-28 15:08:18'),
(5, 32, 'Chelghoum', '2022-09-28 15:25:54', '2022-09-28 15:25:54'),
(6, 77, 'Chelghoum', '2022-09-28 15:25:58', '2022-09-28 15:25:58'),
(7, 79, 'Chelghoum', '2022-09-28 15:26:01', '2022-09-28 15:26:01'),
(8, 89, 'Chelghoum', '2022-09-28 15:26:03', '2022-09-28 15:26:03'),
(9, 89, 'Bejaia', '2022-09-28 15:33:38', '2022-09-28 15:33:38');

-- --------------------------------------------------------

--
-- Structure de la table `livraisons`
--

DROP TABLE IF EXISTS `livraisons`;
CREATE TABLE IF NOT EXISTS `livraisons` (
  `id` bigint(20) UNSIGNED NOT NULL AUTO_INCREMENT,
  `num_livraison` bigint(20) NOT NULL,
  `id_client` bigint(20) UNSIGNED NOT NULL,
  `nom_produit` varchar(191) COLLATE utf8mb4_unicode_ci NOT NULL,
  `livreur` varchar(191) COLLATE utf8mb4_unicode_ci NOT NULL,
  `qte` int(11) NOT NULL,
  `prix` double NOT NULL,
  `statut` varchar(191) COLLATE utf8mb4_unicode_ci NOT NULL DEFAULT 'en attente',
  `user` varchar(191) COLLATE utf8mb4_unicode_ci NOT NULL DEFAULT 'commerciale',
  `validator` varchar(191) COLLATE utf8mb4_unicode_ci NOT NULL DEFAULT 'Pas encore',
  `commentaire` varchar(191) COLLATE utf8mb4_unicode_ci NOT NULL DEFAULT 'Aucun commentaire',
  `freelancer` varchar(191) COLLATE utf8mb4_unicode_ci NOT NULL DEFAULT 'Aucun',
  `remise` double NOT NULL DEFAULT '0',
  `versement` float NOT NULL DEFAULT '0',
  `id_commande` bigint(20) UNSIGNED DEFAULT NULL,
  `created_at` timestamp NOT NULL DEFAULT CURRENT_TIMESTAMP,
  `updated_at` timestamp NOT NULL DEFAULT CURRENT_TIMESTAMP,
  PRIMARY KEY (`id`)
) ENGINE=MyISAM AUTO_INCREMENT=25 DEFAULT CHARSET=utf8mb4 COLLATE=utf8mb4_unicode_ci;

--
-- Déchargement des données de la table `livraisons`
--

INSERT INTO `livraisons` (`id`, `num_livraison`, `id_client`, `nom_produit`, `livreur`, `qte`, `prix`, `statut`, `user`, `validator`, `commentaire`, `freelancer`, `remise`, `versement`, `id_commande`, `created_at`, `updated_at`) VALUES
(1, 1, 1, 'machine_2', '2', 2, 200, 'rejeté', 'commerciale', 'Lotfi', 'Aucun commentaire', 'Aucun', 0, 0, 0, '2022-09-25 14:14:42', '2022-09-25 15:20:36'),
(2, 1, 1, 'machine_a_cremme', '2', 1, 500000, 'rejeté', 'commerciale', 'Lotfi', 'Aucun commentaire', 'Aucun', 0, 0, 0, '2022-09-25 14:14:42', '2022-09-25 15:20:36'),
(3, 1, 1, 'pro1', '2', 6, 350000, 'rejeté', 'commerciale', 'Lotfi', 'Aucun commentaire', 'Aucun', 0, 0, 0, '2022-09-25 14:14:42', '2022-09-25 15:20:36'),
(4, 2, 1, 'machine_2', '1', 2, 20000, 'encaissé', 'commerciale', 'Lotfi', 'Aucun commentaire', 'Aucun', 0, 90000, 0, '2022-09-25 15:23:51', '2022-09-26 16:38:37'),
(5, 2, 1, 'machine_a_cremme', '1', 1, 20000, 'encaissé', 'commerciale', 'Lotfi', 'Aucun commentaire', 'Aucun', 0, 90000, 0, '2022-09-25 15:23:51', '2022-09-26 16:38:37'),
(6, 2, 1, 'pro1', '1', 3, 10000, 'encaissé', 'commerciale', 'Lotfi', 'Aucun commentaire', 'Aucun', 0, 90000, 0, '2022-09-25 15:23:51', '2022-09-26 16:38:37'),
(7, 3, 1, 'machine_2', '1', 2, 180000, 'encaissé', 'commerciale', 'Lotfi', 'Aucun commentaire', 'Aucun', 0, 980000, 0, '2022-09-25 15:25:48', '2022-09-26 15:41:48'),
(8, 3, 1, 'machine_a_cremme', '1', 1, 200000, 'encaissé', 'commerciale', 'Lotfi', 'Aucun commentaire', 'Aucun', 0, 980000, 0, '2022-09-25 15:25:48', '2022-09-26 15:41:48'),
(9, 3, 1, 'pro1', '1', 3, 140000, 'encaissé', 'commerciale', 'Lotfi', 'Aucun commentaire', 'Aucun', 0, 980000, 0, '2022-09-25 15:25:48', '2022-09-26 15:41:48'),
(10, 4, 1, 'machine_2', '1', 2, 100000, 'encaissé', 'commerciale', 'Lotfi', 'Aucun commentaire', 'Aucun', 0, 802000, 0, '2022-09-25 15:33:49', '2022-09-26 16:10:10'),
(11, 4, 1, 'machine_a_cremme', '1', 1, 200000, 'encaissé', 'commerciale', 'Lotfi', 'Aucun commentaire', 'Aucun', 0, 802000, 0, '2022-09-25 15:33:49', '2022-09-26 16:10:10'),
(12, 4, 1, 'pro1', '1', 3, 134000, 'encaissé', 'commerciale', 'Lotfi', 'Aucun commentaire', 'Aucun', 0, 802000, 0, '2022-09-25 15:33:49', '2022-09-26 16:10:10'),
(13, 5, 1, 'machine_2', '1', 2, 200000, 'rejeté', 'commerciale', 'Lotfi', 'Aucun commentaire', 'Aucun', 0, 0, 0, '2022-09-25 15:38:28', '2022-09-26 11:40:49'),
(14, 5, 1, 'machine_a_cremme', '1', 1, 309000, 'rejeté', 'commerciale', 'Lotfi', 'Aucun commentaire', 'Aucun', 0, 0, 0, '2022-09-25 15:38:28', '2022-09-26 11:40:49'),
(15, 5, 1, 'pro1', '1', 3, 487000, 'rejeté', 'commerciale', 'Lotfi', 'Aucun commentaire', 'Aucun', 0, 0, 0, '2022-09-25 15:38:28', '2022-09-26 11:40:49'),
(16, 6, 1, 'machine_2', '1', 2, 100000, 'rejeté', 'commerciale', 'Lotfi', 'Aucun commentaire', 'Aucun', 0, 0, 0, '2022-09-26 14:21:00', '2022-09-26 14:21:23'),
(17, 6, 1, 'machine_a_cremme', '1', 1, 100000, 'rejeté', 'commerciale', 'Lotfi', 'Aucun commentaire', 'Aucun', 0, 0, 0, '2022-09-26 14:21:00', '2022-09-26 14:21:23'),
(18, 6, 1, 'pro1', '1', 3, 100000, 'rejeté', 'commerciale', 'Lotfi', 'Aucun commentaire', 'Aucun', 0, 0, 0, '2022-09-26 14:21:00', '2022-09-26 14:21:23'),
(19, 7, 1, 'machine_2', '1', 2, 6000, 'encaissé', 'commerciale', 'Lotfi', 'Aucun commentaire', 'Aucun', 0, 36000, 0, '2022-09-26 15:45:46', '2022-09-26 15:48:06'),
(20, 7, 1, 'machine_a_cremme', '1', 1, 6000, 'encaissé', 'commerciale', 'Lotfi', 'Aucun commentaire', 'Aucun', 0, 36000, 0, '2022-09-26 15:45:46', '2022-09-26 15:48:06'),
(21, 7, 1, 'pro1', '1', 3, 6000, 'encaissé', 'commerciale', 'Lotfi', 'Aucun commentaire', 'Aucun', 0, 36000, 0, '2022-09-26 15:45:46', '2022-09-26 15:48:06'),
(22, 8, 1, 'machine_2', '2', 2, 2320000, 'encaissé', 'commerciale', 'Lotfi', 'Aucun commentaire', 'Aucun', 0, 4904000, 0, '2022-09-26 16:46:44', '2022-09-26 16:49:13'),
(23, 8, 1, 'machine_a_cremme', '2', 1, 120000, 'encaissé', 'commerciale', 'Lotfi', 'Aucun commentaire', 'Aucun', 0, 4904000, 0, '2022-09-26 16:46:44', '2022-09-26 16:49:13'),
(24, 8, 1, 'pro1', '2', 6, 24000, 'encaissé', 'commerciale', 'Lotfi', 'Aucun commentaire', 'Aucun', 0, 4904000, 0, '2022-09-26 16:46:44', '2022-09-26 16:49:13');

-- --------------------------------------------------------

--
-- Structure de la table `livreurs`
--

DROP TABLE IF EXISTS `livreurs`;
CREATE TABLE IF NOT EXISTS `livreurs` (
  `id` int(10) UNSIGNED NOT NULL AUTO_INCREMENT,
  `name` varchar(191) CHARACTER SET utf8mb4 COLLATE utf8mb4_unicode_ci DEFAULT NULL,
  `prenom` varchar(191) CHARACTER SET utf8mb4 COLLATE utf8mb4_unicode_ci DEFAULT NULL,
  `email` varchar(191) CHARACTER SET utf8mb4 COLLATE utf8mb4_unicode_ci DEFAULT NULL,
  `is_editor` tinyint(1) DEFAULT '0',
  `adress` varchar(191) CHARACTER SET utf8mb4 COLLATE utf8mb4_unicode_ci DEFAULT NULL,
  `telephone` varchar(191) CHARACTER SET utf8mb4 COLLATE utf8mb4_unicode_ci DEFAULT NULL,
  `birth` date DEFAULT NULL,
  `password` varchar(191) CHARACTER SET utf8mb4 COLLATE utf8mb4_unicode_ci NOT NULL DEFAULT '1111',
  `password_text` varchar(191) CHARACTER SET utf8mb4 COLLATE utf8mb4_unicode_ci NOT NULL DEFAULT '1111',
  `wilaya_id` int(10) UNSIGNED DEFAULT NULL,
  `commune_id` int(10) UNSIGNED DEFAULT NULL,
  `remember_token` varchar(100) CHARACTER SET utf8mb4 COLLATE utf8mb4_unicode_ci DEFAULT NULL,
  `created_at` timestamp NULL DEFAULT NULL,
  `updated_at` timestamp NULL DEFAULT NULL,
  `identite` varchar(191) CHARACTER SET utf8mb4 COLLATE utf8mb4_unicode_ci NOT NULL DEFAULT 'empty',
  `state` tinyint(1) NOT NULL DEFAULT '1',
  PRIMARY KEY (`id`),
  UNIQUE KEY `livreurs_email_unique` (`email`),
  KEY `livreurs_wilaya_id_foreign` (`wilaya_id`),
  KEY `livreurs_commune_id_foreign` (`commune_id`)
) ENGINE=MyISAM AUTO_INCREMENT=3 DEFAULT CHARSET=utf8mb4 COLLATE=utf8mb4_unicode_ci;

--
-- Déchargement des données de la table `livreurs`
--

INSERT INTO `livreurs` (`id`, `name`, `prenom`, `email`, `is_editor`, `adress`, `telephone`, `birth`, `password`, `password_text`, `wilaya_id`, `commune_id`, `remember_token`, `created_at`, `updated_at`, `identite`, `state`) VALUES
(1, 'LIVREUR TEST', 'LIVREUR TEST', 'LIVREUR TEST', 0, 'ALGER', '0557266778', NULL, '$2y$10$tGVZzR.a/LxPbAaZLplIJOg1afdx83XCxCbuZilqkan162GNc532G', 'TEST', NULL, NULL, NULL, '2022-07-28 20:41:23', '2022-07-28 20:41:23', 'empty', 1),
(2, 'MOHAMMED', 'MOHAMMED', 'CITROEN 2021', 0, 'ORAN', '0557015468', NULL, '$2y$10$900ieJrHumditeUQ/syVm.MG5aSf6yIz/vJE8/nHmH35pVnF9u9ui', '000000', NULL, NULL, NULL, '2022-09-08 17:25:05', '2022-09-08 17:25:05', 'empty', 1);

-- --------------------------------------------------------

--
-- Structure de la table `mes_depots`
--

DROP TABLE IF EXISTS `mes_depots`;
CREATE TABLE IF NOT EXISTS `mes_depots` (
  `id` int(11) NOT NULL AUTO_INCREMENT,
  `nom` varchar(255) NOT NULL,
  `adresse` text NOT NULL,
  PRIMARY KEY (`id`)
) ENGINE=MyISAM AUTO_INCREMENT=3 DEFAULT CHARSET=utf8mb4;

--
-- Déchargement des données de la table `mes_depots`
--

INSERT INTO `mes_depots` (`id`, `nom`, `adresse`) VALUES
(1, 'Bejaia', 'Bejaia'),
(2, 'Chelghoum', 'Chelghoum el aid');

-- --------------------------------------------------------

--
-- Structure de la table `migrations`
--

DROP TABLE IF EXISTS `migrations`;
CREATE TABLE IF NOT EXISTS `migrations` (
  `id` int(10) UNSIGNED NOT NULL AUTO_INCREMENT,
  `migration` varchar(191) CHARACTER SET utf8mb4 COLLATE utf8mb4_unicode_ci NOT NULL,
  `batch` int(11) NOT NULL,
  PRIMARY KEY (`id`)
) ENGINE=MyISAM AUTO_INCREMENT=15 DEFAULT CHARSET=utf8mb4 COLLATE=utf8mb4_unicode_ci;

--
-- Déchargement des données de la table `migrations`
--

INSERT INTO `migrations` (`id`, `migration`, `batch`) VALUES
(13, '2022_09_22_133628_create_livraisons_table', 1),
(14, '2022_09_28_144139_create_historiques_table', 2);

-- --------------------------------------------------------

--
-- Structure de la table `password_resets`
--

DROP TABLE IF EXISTS `password_resets`;
CREATE TABLE IF NOT EXISTS `password_resets` (
  `email` varchar(191) CHARACTER SET utf8mb4 COLLATE utf8mb4_unicode_ci NOT NULL,
  `token` varchar(191) CHARACTER SET utf8mb4 COLLATE utf8mb4_unicode_ci NOT NULL,
  `created_at` timestamp NULL DEFAULT NULL,
  KEY `password_resets_email_index` (`email`)
) ENGINE=MyISAM DEFAULT CHARSET=utf8mb4 COLLATE=utf8mb4_unicode_ci;

-- --------------------------------------------------------

--
-- Structure de la table `productions`
--

DROP TABLE IF EXISTS `productions`;
CREATE TABLE IF NOT EXISTS `productions` (
  `id` int(10) UNSIGNED NOT NULL AUTO_INCREMENT,
  `name` varchar(191) CHARACTER SET utf8mb4 COLLATE utf8mb4_unicode_ci NOT NULL,
  `email` varchar(191) CHARACTER SET utf8mb4 COLLATE utf8mb4_unicode_ci NOT NULL,
  `password` varchar(191) CHARACTER SET utf8mb4 COLLATE utf8mb4_unicode_ci NOT NULL,
  `password_text` varchar(191) CHARACTER SET utf8mb4 COLLATE utf8mb4_unicode_ci NOT NULL,
  `remember_token` varchar(100) CHARACTER SET utf8mb4 COLLATE utf8mb4_unicode_ci DEFAULT NULL,
  `created_at` timestamp NULL DEFAULT NULL,
  `updated_at` timestamp NULL DEFAULT NULL,
  PRIMARY KEY (`id`),
  UNIQUE KEY `productions_email_unique` (`email`)
) ENGINE=MyISAM AUTO_INCREMENT=2 DEFAULT CHARSET=utf8mb4 COLLATE=utf8mb4_unicode_ci;

--
-- Déchargement des données de la table `productions`
--

INSERT INTO `productions` (`id`, `name`, `email`, `password`, `password_text`, `remember_token`, `created_at`, `updated_at`) VALUES
(1, 'lotfi', 'lotfi', '$2y$10$LUS5OTF4WSbwgj386mf4SunuWBsaZDQRsh6VUAVIkLx1wWaHngpma', 'lotfi', NULL, '2022-09-14 10:38:38', '2022-09-14 10:38:38');

-- --------------------------------------------------------

--
-- Structure de la table `produits`
--

DROP TABLE IF EXISTS `produits`;
CREATE TABLE IF NOT EXISTS `produits` (
  `id` int(10) UNSIGNED NOT NULL AUTO_INCREMENT,
  `nom` varchar(191) CHARACTER SET utf8mb4 COLLATE utf8mb4_unicode_ci NOT NULL,
  `reference` varchar(191) CHARACTER SET utf8mb4 COLLATE utf8mb4_unicode_ci NOT NULL,
  `description` text CHARACTER SET utf8mb4 COLLATE utf8mb4_unicode_ci,
  `prix_gros` double(8,2) DEFAULT '1000.00',
  `prix_semi_gros` double(8,2) DEFAULT '1000.00',
  `prix_detail` double(8,2) DEFAULT '1000.00',
  `prix_minimum` double(8,2) DEFAULT '1000.00',
  `prix_autre` double(8,2) DEFAULT NULL,
  `id_categorie` varchar(200) CHARACTER SET utf8mb4 COLLATE utf8mb4_unicode_ci NOT NULL DEFAULT '1',
  `created_at` timestamp NOT NULL DEFAULT CURRENT_TIMESTAMP,
  `updated_at` timestamp NOT NULL DEFAULT CURRENT_TIMESTAMP,
  `image` varchar(191) CHARACTER SET utf8mb4 COLLATE utf8mb4_unicode_ci NOT NULL DEFAULT 'random.png',
  PRIMARY KEY (`id`),
  KEY `produits_id_categorie_foreign` (`id_categorie`),
  KEY `id` (`id`),
  KEY `id_categorie` (`id_categorie`)
) ENGINE=MyISAM AUTO_INCREMENT=13 DEFAULT CHARSET=utf8mb4 COLLATE=utf8mb4_unicode_ci;

--
-- Déchargement des données de la table `produits`
--

INSERT INTO `produits` (`id`, `nom`, `reference`, `description`, `prix_gros`, `prix_semi_gros`, `prix_detail`, `prix_minimum`, `prix_autre`, `id_categorie`, `created_at`, `updated_at`, `image`) VALUES
(8, 'machine_a_cremme', 'BQL825', 'san_pompe', 280000.00, 310000.00, 320000.00, 350000.00, 350000.00, 'CATEGORIE_test1', '2022-09-08 17:07:15', '2022-09-20 07:16:55', 'images/produits/Adx9uI2CXDNAnPmI3YyLwqyueKl44mBuRZAbcLRf.svg'),
(9, 'pro1', 'pr1', 'desc Pr1', 1000.00, 2000.00, 2000.00, 2000.00, 2000.00, 'CATEGORIE_test1', '2022-09-14 09:34:47', '2022-09-14 09:34:47', '/img/produits/random.png'),
(10, 'machine_2', 'BQL825', 'san_pompe', 280000.00, 15000.00, 2000.00, 2000.00, 350000.00, 'pompe', '2022-09-14 14:01:49', '2022-09-14 14:01:49', '/img/produits/random.png'),
(11, 'produit_4', 'PR_4', NULL, 280000.00, NULL, NULL, NULL, NULL, 'pompe', '2022-09-20 07:20:59', '2022-09-20 07:20:59', '/img/produits/random.png'),
(12, 'piment', 'p1', NULL, 400.00, NULL, NULL, NULL, NULL, 'CATEGORIE_test1', '2022-09-20 08:41:26', '2022-09-20 08:41:26', '/img/produits/random.png');

-- --------------------------------------------------------

--
-- Structure de la table `retours`
--

DROP TABLE IF EXISTS `retours`;
CREATE TABLE IF NOT EXISTS `retours` (
  `id` int(10) UNSIGNED NOT NULL AUTO_INCREMENT,
  `id_ticket` bigint(20) UNSIGNED NOT NULL,
  `id_livreur` bigint(20) UNSIGNED NOT NULL,
  `id_client` bigint(20) UNSIGNED NOT NULL,
  `statut_livraison` varchar(191) CHARACTER SET utf8mb4 COLLATE utf8mb4_unicode_ci NOT NULL DEFAULT 'retour',
  `prix_vente` double(8,2) NOT NULL,
  `created_at` timestamp NOT NULL DEFAULT CURRENT_TIMESTAMP,
  `updated_at` timestamp NOT NULL DEFAULT CURRENT_TIMESTAMP,
  PRIMARY KEY (`id`)
) ENGINE=MyISAM AUTO_INCREMENT=20 DEFAULT CHARSET=utf8mb4 COLLATE=utf8mb4_unicode_ci;

--
-- Déchargement des données de la table `retours`
--

INSERT INTO `retours` (`id`, `id_ticket`, `id_livreur`, `id_client`, `statut_livraison`, `prix_vente`, `created_at`, `updated_at`) VALUES
(1, 55, 1, 1, 'retour', 100.00, '2022-07-29 10:58:11', '2022-07-29 10:58:11'),
(2, 4, 1, 1, 'retour', 100.00, '2022-07-29 11:03:22', '2022-07-29 11:03:22'),
(12, 2, 1, 1, 'retour', 100.00, '2022-07-29 11:06:06', '2022-07-29 11:06:06'),
(4, 76, 1, 1, 'retour', 100.00, '2022-07-29 11:06:06', '2022-07-29 11:06:06'),
(5, 75, 1, 1, 'retour', 100.00, '2022-07-29 11:06:06', '2022-07-29 11:06:06'),
(6, 45, 1, 1, 'retour', 100.00, '2022-07-29 11:06:06', '2022-07-29 11:06:06'),
(7, 119, 1, 1, 'retour', 100.00, '2022-07-29 11:06:06', '2022-07-29 11:06:06'),
(8, 118, 1, 1, 'retour', 100.00, '2022-07-29 11:06:06', '2022-07-29 11:06:06'),
(9, 117, 1, 1, 'retour', 100.00, '2022-07-29 11:06:06', '2022-07-29 11:06:06'),
(10, 116, 1, 1, 'retour', 100.00, '2022-07-29 11:06:06', '2022-07-29 11:06:06'),
(11, 115, 1, 1, 'retour', 100.00, '2022-07-29 11:06:06', '2022-07-29 11:06:06'),
(13, 5, 1, 1, 'retour', 100.00, '2022-07-29 11:06:06', '2022-07-29 11:06:06'),
(14, 1, 1, 1, 'retour', 100.00, '2022-07-29 11:06:06', '2022-07-29 11:06:06'),
(15, 170, 1, 1, 'retour', 100.00, '2022-09-06 19:13:26', '2022-09-06 19:13:26'),
(16, 171, 1, 1, 'retour', 100.00, '2022-09-06 19:13:53', '2022-09-06 19:13:53'),
(17, 175, 2, 1, 'retour', 100.00, '2022-09-08 17:33:06', '2022-09-08 17:33:06'),
(18, 33, 2, 1, 'retour', 100.00, '2022-09-14 13:49:39', '2022-09-14 13:49:39'),
(19, 184, 2, 1, 'retour', 100.00, '2022-09-14 13:49:51', '2022-09-14 13:49:51');

-- --------------------------------------------------------

--
-- Structure de la table `sorties`
--

DROP TABLE IF EXISTS `sorties`;
CREATE TABLE IF NOT EXISTS `sorties` (
  `id` int(10) UNSIGNED NOT NULL AUTO_INCREMENT,
  `id_ticket` bigint(20) UNSIGNED NOT NULL,
  `id_livreur` bigint(20) UNSIGNED NOT NULL,
  `id_client` bigint(20) UNSIGNED NOT NULL,
  `statut_livraison` varchar(191) CHARACTER SET utf8mb4 COLLATE utf8mb4_unicode_ci NOT NULL DEFAULT 'vers_client',
  `prix_vente` double(8,2) NOT NULL,
  `created_at` timestamp NOT NULL DEFAULT CURRENT_TIMESTAMP,
  `updated_at` timestamp NOT NULL DEFAULT CURRENT_TIMESTAMP,
  PRIMARY KEY (`id`)
) ENGINE=MyISAM AUTO_INCREMENT=131 DEFAULT CHARSET=utf8mb4 COLLATE=utf8mb4_unicode_ci;

--
-- Déchargement des données de la table `sorties`
--

INSERT INTO `sorties` (`id`, `id_ticket`, `id_livreur`, `id_client`, `statut_livraison`, `prix_vente`, `created_at`, `updated_at`) VALUES
(113, 5, 2, 1, 'vers_client', 100.00, '2022-09-15 11:57:20', '2022-09-15 11:57:20'),
(114, 2, 2, 1, 'vers_client', 100.00, '2022-09-15 11:57:33', '2022-09-15 11:57:33'),
(128, 55, 1, 1, 'vers_client', 100.00, '2022-09-22 13:44:23', '2022-09-22 13:44:23'),
(5, 91, 1, 1, 'vers_client', 100.00, '2022-07-29 10:52:20', '2022-07-29 10:52:20'),
(12, 87, 1, 1, 'vers_client', 100.00, '2022-07-29 11:05:38', '2022-07-29 11:05:38'),
(13, 86, 1, 1, 'vers_client', 100.00, '2022-07-29 11:05:38', '2022-07-29 11:05:38'),
(14, 85, 1, 1, 'vers_client', 100.00, '2022-07-29 11:05:38', '2022-07-29 11:05:38'),
(15, 84, 1, 1, 'vers_client', 100.00, '2022-07-29 11:05:38', '2022-07-29 11:05:38'),
(16, 83, 1, 1, 'vers_client', 100.00, '2022-07-29 11:05:38', '2022-07-29 11:05:38'),
(17, 82, 1, 1, 'vers_client', 100.00, '2022-07-29 11:05:38', '2022-07-29 11:05:38'),
(18, 81, 1, 1, 'vers_client', 100.00, '2022-07-29 11:05:38', '2022-07-29 11:05:38'),
(19, 80, 1, 1, 'vers_client', 100.00, '2022-07-29 11:05:38', '2022-07-29 11:05:38'),
(20, 79, 1, 1, 'vers_client', 100.00, '2022-07-29 11:05:38', '2022-07-29 11:05:38'),
(72, 78, 1, 1, 'vers_client', 100.00, '2022-09-06 19:15:26', '2022-09-06 19:15:26'),
(22, 77, 1, 1, 'vers_client', 100.00, '2022-07-29 11:05:38', '2022-07-29 11:05:38'),
(101, 169, 1, 1, 'vers_client', 100.00, '2022-09-14 13:11:02', '2022-09-14 13:11:02'),
(65, 3, 1, 1, 'vers_client', 100.00, '2022-09-06 19:15:04', '2022-09-06 19:15:04'),
(25, 74, 1, 1, 'vers_client', 100.00, '2022-07-29 11:05:38', '2022-07-29 11:05:38'),
(26, 73, 1, 1, 'vers_client', 100.00, '2022-07-29 11:05:38', '2022-07-29 11:05:38'),
(27, 72, 1, 1, 'vers_client', 100.00, '2022-07-29 11:05:38', '2022-07-29 11:05:38'),
(28, 71, 1, 1, 'vers_client', 100.00, '2022-07-29 11:05:38', '2022-07-29 11:05:38'),
(29, 70, 1, 1, 'vers_client', 100.00, '2022-07-29 11:05:38', '2022-07-29 11:05:38'),
(30, 69, 1, 1, 'vers_client', 100.00, '2022-07-29 11:05:38', '2022-07-29 11:05:38'),
(31, 68, 1, 1, 'vers_client', 100.00, '2022-07-29 11:05:38', '2022-07-29 11:05:38'),
(58, 42, 1, 1, 'vers_client', 100.00, '2022-09-01 09:48:55', '2022-09-01 09:48:55'),
(56, 153, 1, 1, 'vers_client', 100.00, '2022-09-01 09:46:36', '2022-09-01 09:46:36'),
(54, 155, 1, 1, 'vers_client', 100.00, '2022-09-01 09:46:14', '2022-09-01 09:46:14'),
(112, 4, 2, 1, 'vers_client', 100.00, '2022-09-15 11:57:19', '2022-09-15 11:57:19'),
(37, 114, 1, 1, 'vers_client', 100.00, '2022-07-29 11:05:38', '2022-07-29 11:05:38'),
(38, 113, 1, 1, 'vers_client', 100.00, '2022-07-29 11:05:38', '2022-07-29 11:05:38'),
(39, 112, 1, 1, 'vers_client', 100.00, '2022-07-29 11:05:38', '2022-07-29 11:05:38'),
(108, 111, 1, 1, 'vers_client', 100.00, '2022-09-14 13:21:44', '2022-09-14 13:21:44'),
(41, 110, 1, 1, 'vers_client', 100.00, '2022-07-29 11:05:38', '2022-07-29 11:05:38'),
(116, 456, 2, 1, 'vers_client', 100.00, '2022-09-20 09:08:27', '2022-09-20 09:08:27'),
(66, 45, 1, 1, 'vers_client', 100.00, '2022-09-06 19:15:07', '2022-09-06 19:15:07'),
(70, 43, 1, 1, 'vers_client', 100.00, '2022-09-06 19:15:21', '2022-09-06 19:15:21'),
(68, 21, 1, 1, 'vers_client', 100.00, '2022-09-06 19:15:14', '2022-09-06 19:15:14'),
(129, 66, 1, 1, 'vers_client', 100.00, '2022-09-22 13:44:25', '2022-09-22 13:44:25'),
(74, 44, 1, 1, 'vers_client', 100.00, '2022-09-06 19:15:39', '2022-09-06 19:15:39'),
(76, 99, 1, 1, 'vers_client', 100.00, '2022-09-06 19:15:46', '2022-09-06 19:15:46'),
(77, 49, 1, 1, 'vers_client', 100.00, '2022-09-06 19:15:51', '2022-09-06 19:15:51'),
(89, 100, 2, 1, 'vers_client', 100.00, '2022-09-14 12:50:18', '2022-09-14 12:50:18'),
(104, 170, 1, 1, 'vers_client', 100.00, '2022-09-14 13:12:42', '2022-09-14 13:12:42'),
(80, 123, 1, 1, 'vers_client', 100.00, '2022-09-06 19:16:24', '2022-09-06 19:16:24'),
(81, 143, 1, 1, 'vers_client', 100.00, '2022-09-06 19:16:31', '2022-09-06 19:16:31'),
(105, 174, 1, 1, 'vers_client', 100.00, '2022-09-14 13:13:38', '2022-09-14 13:13:38'),
(117, 1, 2, 1, 'vers_client', 100.00, '2022-09-20 09:49:50', '2022-09-20 09:49:50'),
(86, 56, 2, 1, 'vers_client', 100.00, '2022-09-14 12:50:02', '2022-09-14 12:50:02'),
(115, 33, 2, 1, 'vers_client', 100.00, '2022-09-15 11:57:35', '2022-09-15 11:57:35'),
(91, 185, 2, 1, 'vers_client', 100.00, '2022-09-14 12:50:52', '2022-09-14 12:50:52'),
(92, 177, 2, 1, 'vers_client', 100.00, '2022-09-14 12:50:56', '2022-09-14 12:50:56'),
(93, 22, 2, 1, 'vers_client', 100.00, '2022-09-14 12:50:59', '2022-09-14 12:50:59'),
(95, 186, 2, 1, 'vers_client', 100.00, '2022-09-14 13:07:15', '2022-09-14 13:07:15'),
(96, 187, 2, 1, 'vers_client', 100.00, '2022-09-14 13:07:26', '2022-09-14 13:07:26'),
(98, 183, 2, 1, 'vers_client', 100.00, '2022-09-14 13:07:54', '2022-09-14 13:07:54'),
(99, 179, 1, 1, 'vers_client', 100.00, '2022-09-14 13:09:53', '2022-09-14 13:09:53'),
(100, 178, 1, 1, 'vers_client', 100.00, '2022-09-14 13:10:05', '2022-09-14 13:10:05'),
(102, 160, 1, 1, 'vers_client', 100.00, '2022-09-14 13:11:36', '2022-09-14 13:11:36'),
(103, 176, 1, 1, 'vers_client', 100.00, '2022-09-14 13:11:52', '2022-09-14 13:11:52'),
(106, 173, 1, 1, 'vers_client', 100.00, '2022-09-14 13:17:48', '2022-09-14 13:17:48'),
(107, 172, 1, 1, 'vers_client', 100.00, '2022-09-14 13:18:23', '2022-09-14 13:18:23'),
(109, 11, 1, 1, 'vers_client', 100.00, '2022-09-14 13:22:03', '2022-09-14 13:22:03'),
(110, 150, 1, 1, 'vers_client', 100.00, '2022-09-14 13:29:22', '2022-09-14 13:29:22'),
(118, 458, 2, 1, 'vers_client', 100.00, '2022-09-22 11:14:40', '2022-09-22 11:14:40'),
(119, 457, 2, 1, 'vers_client', 100.00, '2022-09-22 11:15:06', '2022-09-22 11:15:06'),
(120, 461, 2, 1, 'vers_client', 100.00, '2022-09-22 11:15:27', '2022-09-22 11:15:27'),
(121, 462, 2, 1, 'vers_client', 100.00, '2022-09-22 11:16:19', '2022-09-22 11:16:19'),
(122, 463, 2, 1, 'vers_client', 100.00, '2022-09-22 11:19:06', '2022-09-22 11:19:06'),
(123, 460, 2, 1, 'vers_client', 100.00, '2022-09-22 11:23:22', '2022-09-22 11:23:22'),
(124, 465, 2, 1, 'vers_client', 100.00, '2022-09-22 11:23:29', '2022-09-22 11:23:29'),
(125, 459, 1, 1, 'vers_client', 100.00, '2022-09-22 13:44:11', '2022-09-22 13:44:11'),
(126, 363, 1, 1, 'vers_client', 100.00, '2022-09-22 13:44:17', '2022-09-22 13:44:17'),
(127, 23, 1, 1, 'vers_client', 100.00, '2022-09-22 13:44:20', '2022-09-22 13:44:20'),
(130, 442, 1, 1, 'vers_client', 100.00, '2022-09-22 13:44:31', '2022-09-22 13:44:31');

-- --------------------------------------------------------

--
-- Structure de la table `tickets`
--

DROP TABLE IF EXISTS `tickets`;
CREATE TABLE IF NOT EXISTS `tickets` (
  `id` int(10) UNSIGNED NOT NULL AUTO_INCREMENT,
  `id_produit` bigint(20) UNSIGNED NOT NULL,
  `num_ticket_produit` bigint(20) UNSIGNED NOT NULL,
  `satut` varchar(191) CHARACTER SET utf8mb4 COLLATE utf8mb4_unicode_ci NOT NULL DEFAULT '0',
  `created_at` timestamp NOT NULL DEFAULT CURRENT_TIMESTAMP,
  `updated_at` timestamp NOT NULL DEFAULT CURRENT_TIMESTAMP,
  `codebar` varchar(191) CHARACTER SET utf8mb4 COLLATE utf8mb4_unicode_ci NOT NULL,
  `impression` varchar(255) CHARACTER SET utf8mb4 COLLATE utf8mb4_unicode_ci DEFAULT 'Agent',
  `maj` varchar(255) CHARACTER SET utf8mb4 COLLATE utf8mb4_unicode_ci DEFAULT 'Agent',
  PRIMARY KEY (`id`),
  KEY `codebar` (`codebar`),
  KEY `created_at` (`created_at`),
  KEY `updated_at` (`updated_at`)
) ENGINE=MyISAM AUTO_INCREMENT=512 DEFAULT CHARSET=utf8mb4 COLLATE=utf8mb4_unicode_ci;

--
-- Déchargement des données de la table `tickets`
--

INSERT INTO `tickets` (`id`, `id_produit`, `num_ticket_produit`, `satut`, `created_at`, `updated_at`, `codebar`, `impression`, `maj`) VALUES
(1, 9, 1, 'sortie', '2022-09-17 15:35:54', '2022-09-20 09:49:50', 'id1', 'TEST', 'TEST'),
(2, 8, 2, '0', '2022-09-17 15:35:54', '2022-09-17 15:35:54', 'id2', 'TEST', 'Pas encore'),
(3, 8, 3, '0', '2022-09-17 15:35:54', '2022-09-17 15:35:54', 'id3', 'TEST', 'Pas encore'),
(4, 8, 4, '0', '2022-09-17 15:35:54', '2022-09-17 15:35:54', 'id4', 'TEST', 'Pas encore'),
(5, 10, 5, 'vers_depot', '2022-09-17 15:35:54', '2022-09-26 10:37:59', 'id5', 'TEST', 'Lotfi'),
(6, 10, 6, '0', '2022-09-17 15:35:54', '2022-09-17 15:35:54', 'id6', 'TEST', 'Pas encore'),
(7, 8, 7, '0', '2022-09-17 15:35:54', '2022-09-17 15:35:54', 'id7', 'TEST', 'Pas encore'),
(8, 8, 8, '0', '2022-09-17 15:35:54', '2022-09-17 15:35:54', 'id8', 'TEST', 'Pas encore'),
(9, 10, 9, '0', '2022-09-17 15:35:54', '2022-09-17 15:35:54', 'id9', 'TEST', 'Pas encore'),
(10, 10, 10, '0', '2022-09-17 15:35:54', '2022-09-17 15:35:54', 'id10', 'TEST', 'Pas encore'),
(11, 10, 11, '0', '2022-09-17 15:35:54', '2022-09-17 15:35:54', 'id11', 'TEST', 'Pas encore'),
(12, 10, 12, '0', '2022-09-17 15:35:54', '2022-09-17 15:35:54', 'id12', 'TEST', 'Pas encore'),
(13, 8, 13, '0', '2022-09-17 15:35:54', '2022-09-17 15:35:54', 'id13', 'TEST', 'Pas encore'),
(14, 8, 14, '0', '2022-09-17 15:35:54', '2022-09-17 15:35:54', 'id14', 'TEST', 'Pas encore'),
(15, 9, 15, '0', '2022-09-17 15:35:54', '2022-09-17 15:35:54', 'id15', 'TEST', 'Pas encore'),
(16, 9, 16, '0', '2022-09-17 15:35:54', '2022-09-17 15:35:54', 'id16', 'TEST', 'Pas encore'),
(17, 9, 17, '0', '2022-09-17 15:35:54', '2022-09-17 15:35:54', 'id17', 'TEST', 'Pas encore'),
(18, 9, 18, '0', '2022-09-17 15:35:54', '2022-09-17 15:35:54', 'id18', 'TEST', 'Pas encore'),
(19, 9, 19, '0', '2022-09-17 15:35:54', '2022-09-17 15:35:54', 'id19', 'TEST', 'Pas encore'),
(20, 9, 20, '0', '2022-09-17 15:35:54', '2022-09-17 15:35:54', 'id20', 'TEST', 'Pas encore'),
(21, 9, 1, '0', '2022-09-17 15:36:05', '2022-09-17 15:36:05', 'id21', 'TEST', 'Pas encore'),
(22, 9, 2, '0', '2022-09-17 15:36:05', '2022-09-17 15:36:05', 'id22', 'TEST', 'Pas encore'),
(23, 10, 3, 'sortie', '2022-09-17 15:36:05', '2022-09-22 13:44:20', 'id23', 'TEST', 'TEST'),
(24, 8, 4, '0', '2022-09-17 15:36:05', '2022-09-17 15:36:05', 'id24', 'TEST', 'Pas encore'),
(25, 10, 5, '0', '2022-09-17 15:36:05', '2022-09-17 15:36:05', 'id25', 'TEST', 'Pas encore'),
(26, 9, 6, '0', '2022-09-17 15:36:05', '2022-09-17 15:36:05', 'id26', 'TEST', 'Pas encore'),
(27, 8, 7, '0', '2022-09-17 15:36:05', '2022-09-17 15:36:05', 'id27', 'TEST', 'Pas encore'),
(28, 8, 8, '0', '2022-09-17 15:36:05', '2022-09-17 15:36:05', 'id28', 'TEST', 'Pas encore'),
(29, 10, 9, '0', '2022-09-17 15:36:05', '2022-09-17 15:36:05', 'id29', 'TEST', 'Pas encore'),
(30, 9, 10, '0', '2022-09-17 15:36:05', '2022-09-17 15:36:05', 'id30', 'TEST', 'Pas encore'),
(31, 9, 11, '0', '2022-09-17 15:36:05', '2022-09-17 15:36:05', 'id31', 'TEST', 'Pas encore'),
(32, 9, 12, 'au_depot', '2022-09-17 15:36:05', '2022-09-28 13:25:54', 'id32', 'TEST', 'omar'),
(33, 10, 13, '0', '2022-09-17 15:36:05', '2022-09-17 15:36:05', 'id33', 'TEST', 'Pas encore'),
(34, 9, 14, '0', '2022-09-17 15:36:05', '2022-09-17 15:36:05', 'id34', 'TEST', 'Pas encore'),
(35, 8, 15, '0', '2022-09-17 15:36:05', '2022-09-17 15:36:05', 'id35', 'TEST', 'Pas encore'),
(36, 10, 16, '0', '2022-09-17 15:36:05', '2022-09-17 15:36:05', 'id36', 'TEST', 'Pas encore'),
(37, 8, 17, '0', '2022-09-17 15:36:05', '2022-09-17 15:36:05', 'id37', 'TEST', 'Pas encore'),
(38, 8, 18, '0', '2022-09-17 15:36:05', '2022-09-17 15:36:05', 'id38', 'TEST', 'Pas encore'),
(39, 9, 19, '0', '2022-09-17 15:36:05', '2022-09-17 15:36:05', 'id39', 'TEST', 'Pas encore'),
(40, 8, 20, '0', '2022-09-17 15:36:05', '2022-09-17 15:36:05', 'id40', 'TEST', 'Pas encore'),
(41, 10, 21, '0', '2022-09-17 15:36:05', '2022-09-17 15:36:05', 'id41', 'TEST', 'Pas encore'),
(42, 10, 22, '0', '2022-09-17 15:36:05', '2022-09-17 15:36:05', 'id42', 'TEST', 'Pas encore'),
(43, 9, 23, '0', '2022-09-17 15:36:05', '2022-09-17 15:36:05', 'id43', 'TEST', 'Pas encore'),
(44, 9, 24, '0', '2022-09-17 15:36:05', '2022-09-17 15:36:05', 'id44', 'TEST', 'Pas encore'),
(45, 9, 25, '0', '2022-09-17 15:36:05', '2022-09-17 15:36:05', 'id45', 'TEST', 'Pas encore'),
(46, 10, 1, '0', '2022-09-17 15:36:18', '2022-09-17 15:36:18', 'id46', 'TEST', 'Pas encore'),
(47, 9, 2, '0', '2022-09-17 15:36:18', '2022-09-17 15:36:18', 'id47', 'TEST', 'Pas encore'),
(48, 9, 3, '0', '2022-09-17 15:36:18', '2022-09-17 15:36:18', 'id48', 'TEST', 'Pas encore'),
(49, 8, 4, '0', '2022-09-17 15:36:18', '2022-09-17 15:36:18', 'id49', 'TEST', 'Pas encore'),
(50, 9, 5, '0', '2022-09-17 15:36:18', '2022-09-17 15:36:18', 'id50', 'TEST', 'Pas encore'),
(51, 10, 6, '0', '2022-09-17 15:36:18', '2022-09-17 15:36:18', 'id51', 'TEST', 'Pas encore'),
(52, 8, 7, '0', '2022-09-17 15:36:18', '2022-09-17 15:36:18', 'id52', 'TEST', 'Pas encore'),
(53, 8, 8, '0', '2022-09-17 15:36:18', '2022-09-17 15:36:18', 'id53', 'TEST', 'Pas encore'),
(54, 8, 9, '0', '2022-09-17 15:36:18', '2022-09-17 15:36:18', 'id54', 'TEST', 'Pas encore'),
(55, 9, 10, 'au_depot', '2022-09-17 15:36:18', '2022-09-28 13:08:11', 'id55', 'TEST', 'seif'),
(56, 8, 11, '0', '2022-09-17 15:36:18', '2022-09-17 15:36:18', 'id56', 'TEST', 'Pas encore'),
(57, 8, 12, '0', '2022-09-17 15:36:18', '2022-09-17 15:36:18', 'id57', 'TEST', 'Pas encore'),
(58, 9, 13, '0', '2022-09-17 15:36:18', '2022-09-17 15:36:18', 'id58', 'TEST', 'Pas encore'),
(59, 10, 14, '0', '2022-09-17 15:36:18', '2022-09-17 15:36:18', 'id59', 'TEST', 'Pas encore'),
(60, 10, 15, '0', '2022-09-17 15:36:18', '2022-09-17 15:36:18', 'id60', 'TEST', 'Pas encore'),
(61, 10, 16, '0', '2022-09-17 15:36:18', '2022-09-17 15:36:18', 'id61', 'TEST', 'Pas encore'),
(62, 8, 17, '0', '2022-09-17 15:36:18', '2022-09-17 15:36:18', 'id62', 'TEST', 'Pas encore'),
(63, 10, 18, '0', '2022-09-17 15:36:18', '2022-09-17 15:36:18', 'id63', 'TEST', 'Pas encore'),
(64, 10, 19, '0', '2022-09-17 15:36:18', '2022-09-17 15:36:18', 'id64', 'TEST', 'Pas encore'),
(65, 9, 20, 'au_depot', '2022-09-17 15:36:18', '2022-09-28 13:08:18', 'id65', 'TEST', 'seif'),
(66, 9, 21, 'sortie', '2022-09-17 15:36:18', '2022-09-22 13:44:25', 'id66', 'TEST', 'TEST'),
(67, 9, 22, '0', '2022-09-17 15:36:18', '2022-09-17 15:36:18', 'id67', 'TEST', 'Pas encore'),
(68, 9, 23, '0', '2022-09-17 15:36:18', '2022-09-17 15:36:18', 'id68', 'TEST', 'Pas encore'),
(69, 10, 24, '0', '2022-09-17 15:36:18', '2022-09-17 15:36:18', 'id69', 'TEST', 'Pas encore'),
(70, 8, 25, '0', '2022-09-17 15:36:18', '2022-09-17 15:36:18', 'id70', 'TEST', 'Pas encore'),
(71, 9, 26, '0', '2022-09-17 15:36:18', '2022-09-17 15:36:18', 'id71', 'TEST', 'Pas encore'),
(72, 9, 27, '0', '2022-09-17 15:36:18', '2022-09-17 15:36:18', 'id72', 'TEST', 'Pas encore'),
(73, 8, 28, '0', '2022-09-17 15:36:18', '2022-09-17 15:36:18', 'id73', 'TEST', 'Pas encore'),
(74, 8, 29, '0', '2022-09-17 15:36:18', '2022-09-17 15:36:18', 'id74', 'TEST', 'Pas encore'),
(75, 9, 30, '0', '2022-09-17 15:36:18', '2022-09-17 15:36:18', 'id75', 'TEST', 'Pas encore'),
(76, 10, 31, '0', '2022-09-17 15:36:18', '2022-09-17 15:36:18', 'id76', 'TEST', 'Pas encore'),
(77, 10, 32, 'au_depot', '2022-09-17 15:36:18', '2022-09-28 13:25:58', 'id77', 'TEST', 'omar'),
(78, 8, 33, '0', '2022-09-17 15:36:18', '2022-09-17 15:36:18', 'id78', 'TEST', 'Pas encore'),
(79, 10, 34, 'au_depot', '2022-09-17 15:36:18', '2022-09-28 13:26:01', 'id79', 'TEST', 'omar'),
(80, 8, 35, '0', '2022-09-17 15:36:18', '2022-09-17 15:36:18', 'id80', 'TEST', 'Pas encore'),
(81, 9, 36, '0', '2022-09-17 15:36:18', '2022-09-17 15:36:18', 'id81', 'TEST', 'Pas encore'),
(82, 8, 37, '0', '2022-09-17 15:36:18', '2022-09-17 15:36:18', 'id82', 'TEST', 'Pas encore'),
(83, 10, 38, '0', '2022-09-17 15:36:18', '2022-09-17 15:36:18', 'id83', 'TEST', 'Pas encore'),
(84, 9, 39, '0', '2022-09-17 15:36:18', '2022-09-17 15:36:18', 'id84', 'TEST', 'Pas encore'),
(85, 9, 40, '0', '2022-09-17 15:36:18', '2022-09-17 15:36:18', 'id85', 'TEST', 'Pas encore'),
(86, 10, 41, '0', '2022-09-17 15:36:18', '2022-09-17 15:36:18', 'id86', 'TEST', 'Pas encore'),
(87, 9, 42, '0', '2022-09-17 15:36:18', '2022-09-17 15:36:18', 'id87', 'TEST', 'Pas encore'),
(88, 10, 43, '0', '2022-09-17 15:36:18', '2022-09-17 15:36:18', 'id88', 'TEST', 'Pas encore'),
(89, 9, 44, 'au_depot', '2022-09-17 15:36:18', '2022-09-28 13:33:38', 'id89', 'TEST', 'seif'),
(90, 8, 45, '0', '2022-09-17 15:36:18', '2022-09-17 15:36:18', 'id90', 'TEST', 'Pas encore'),
(91, 10, 46, '0', '2022-09-17 15:36:18', '2022-09-17 15:36:18', 'id91', 'TEST', 'Pas encore'),
(92, 8, 47, '0', '2022-09-17 15:36:18', '2022-09-17 15:36:18', 'id92', 'TEST', 'Pas encore'),
(93, 9, 48, '0', '2022-09-17 15:36:18', '2022-09-17 15:36:18', 'id93', 'TEST', 'Pas encore'),
(94, 8, 49, '0', '2022-09-17 15:36:18', '2022-09-17 15:36:18', 'id94', 'TEST', 'Pas encore'),
(95, 8, 50, '0', '2022-09-17 15:36:18', '2022-09-17 15:36:18', 'id95', 'TEST', 'Pas encore'),
(96, 9, 51, '0', '2022-09-17 15:36:18', '2022-09-17 15:36:18', 'id96', 'TEST', 'Pas encore'),
(97, 10, 52, '0', '2022-09-17 15:36:18', '2022-09-17 15:36:18', 'id97', 'TEST', 'Pas encore'),
(98, 9, 53, '0', '2022-09-17 15:36:18', '2022-09-17 15:36:18', 'id98', 'TEST', 'Pas encore'),
(99, 9, 54, '0', '2022-09-17 15:36:18', '2022-09-17 15:36:18', 'id99', 'TEST', 'Pas encore'),
(100, 8, 55, '0', '2022-09-17 15:36:18', '2022-09-17 15:36:18', 'id100', 'TEST', 'Pas encore'),
(101, 10, 56, '0', '2022-09-17 15:36:18', '2022-09-17 15:36:18', 'id101', 'TEST', 'Pas encore'),
(102, 8, 57, '0', '2022-09-17 15:36:18', '2022-09-17 15:36:18', 'id102', 'TEST', 'Pas encore'),
(103, 10, 58, '0', '2022-09-17 15:36:18', '2022-09-17 15:36:18', 'id103', 'TEST', 'Pas encore'),
(104, 8, 59, '0', '2022-09-17 15:36:18', '2022-09-17 15:36:18', 'id104', 'TEST', 'Pas encore'),
(105, 10, 60, '0', '2022-09-17 15:36:18', '2022-09-17 15:36:18', 'id105', 'TEST', 'Pas encore'),
(106, 10, 61, '0', '2022-09-17 15:36:18', '2022-09-17 15:36:18', 'id106', 'TEST', 'Pas encore'),
(107, 9, 62, '0', '2022-09-17 15:36:18', '2022-09-17 15:36:18', 'id107', 'TEST', 'Pas encore'),
(108, 8, 63, '0', '2022-09-17 15:36:18', '2022-09-17 15:36:18', 'id108', 'TEST', 'Pas encore'),
(109, 10, 64, '0', '2022-09-17 15:36:18', '2022-09-17 15:36:18', 'id109', 'TEST', 'Pas encore'),
(110, 8, 65, '0', '2022-09-17 15:36:18', '2022-09-17 15:36:18', 'id110', 'TEST', 'Pas encore'),
(111, 8, 66, '0', '2022-09-17 15:36:18', '2022-09-17 15:36:18', 'id111', 'TEST', 'Pas encore'),
(112, 8, 67, '0', '2022-09-17 15:36:19', '2022-09-17 15:36:19', 'id112', 'TEST', 'Pas encore'),
(113, 10, 68, '0', '2022-09-17 15:36:19', '2022-09-17 15:36:19', 'id113', 'TEST', 'Pas encore'),
(114, 8, 69, '0', '2022-09-17 15:36:19', '2022-09-17 15:36:19', 'id114', 'TEST', 'Pas encore'),
(115, 8, 70, '0', '2022-09-17 15:36:19', '2022-09-17 15:36:19', 'id115', 'TEST', 'Pas encore'),
(116, 9, 71, '0', '2022-09-17 15:36:19', '2022-09-17 15:36:19', 'id116', 'TEST', 'Pas encore'),
(117, 8, 72, '0', '2022-09-17 15:36:19', '2022-09-17 15:36:19', 'id117', 'TEST', 'Pas encore'),
(118, 8, 73, '0', '2022-09-17 15:36:19', '2022-09-17 15:36:19', 'id118', 'TEST', 'Pas encore'),
(119, 9, 74, '0', '2022-09-17 15:36:19', '2022-09-17 15:36:19', 'id119', 'TEST', 'Pas encore'),
(120, 9, 75, '0', '2022-09-17 15:36:19', '2022-09-17 15:36:19', 'id120', 'TEST', 'Pas encore'),
(121, 8, 76, '0', '2022-09-17 15:36:19', '2022-09-17 15:36:19', 'id121', 'TEST', 'Pas encore'),
(122, 10, 77, '0', '2022-09-17 15:36:19', '2022-09-17 15:36:19', 'id122', 'TEST', 'Pas encore'),
(123, 8, 78, '0', '2022-09-17 15:36:19', '2022-09-17 15:36:19', 'id123', 'TEST', 'Pas encore'),
(124, 9, 79, '0', '2022-09-17 15:36:19', '2022-09-17 15:36:19', 'id124', 'TEST', 'Pas encore'),
(125, 9, 80, '0', '2022-09-17 15:36:19', '2022-09-17 15:36:19', 'id125', 'TEST', 'Pas encore'),
(126, 9, 21, '0', '2022-09-18 15:33:37', '2022-09-18 15:33:37', 'id126', 'TEST', 'Pas encore'),
(127, 10, 22, '0', '2022-09-18 15:33:37', '2022-09-18 15:33:37', 'id127', 'TEST', 'Pas encore'),
(128, 9, 23, '0', '2022-09-18 15:33:37', '2022-09-18 15:33:37', 'id128', 'TEST', 'Pas encore'),
(129, 8, 24, '0', '2022-09-18 15:33:37', '2022-09-18 15:33:37', 'id129', 'TEST', 'Pas encore'),
(130, 10, 25, '0', '2022-09-18 15:33:37', '2022-09-18 15:33:37', 'id130', 'TEST', 'Pas encore'),
(131, 10, 26, '0', '2022-09-18 15:33:37', '2022-09-18 15:33:37', 'id131', 'TEST', 'Pas encore'),
(132, 8, 27, '0', '2022-09-18 15:33:37', '2022-09-18 15:33:37', 'id132', 'TEST', 'Pas encore'),
(133, 8, 28, '0', '2022-09-18 15:33:37', '2022-09-18 15:33:37', 'id133', 'TEST', 'Pas encore'),
(134, 8, 29, '0', '2022-09-18 15:33:37', '2022-09-18 15:33:37', 'id134', 'TEST', 'Pas encore'),
(135, 9, 30, '0', '2022-09-18 15:33:37', '2022-09-18 15:33:37', 'id135', 'TEST', 'Pas encore'),
(136, 10, 31, '0', '2022-09-18 15:33:37', '2022-09-18 15:33:37', 'id136', 'TEST', 'Pas encore'),
(137, 8, 32, '0', '2022-09-18 15:33:37', '2022-09-18 15:33:37', 'id137', 'TEST', 'Pas encore'),
(138, 10, 33, '0', '2022-09-18 15:33:37', '2022-09-18 15:33:37', 'id138', 'TEST', 'Pas encore'),
(139, 9, 34, '0', '2022-09-18 15:33:37', '2022-09-18 15:33:37', 'id139', 'TEST', 'Pas encore'),
(140, 10, 35, '0', '2022-09-18 15:33:37', '2022-09-18 15:33:37', 'id140', 'TEST', 'Pas encore'),
(141, 10, 36, '0', '2022-09-18 15:33:37', '2022-09-18 15:33:37', 'id141', 'TEST', 'Pas encore'),
(142, 8, 37, '0', '2022-09-18 15:33:37', '2022-09-18 15:33:37', 'id142', 'TEST', 'Pas encore'),
(143, 9, 38, '0', '2022-09-18 15:33:37', '2022-09-18 15:33:37', 'id143', 'TEST', 'Pas encore'),
(144, 10, 39, '0', '2022-09-18 15:33:37', '2022-09-18 15:33:37', 'id144', 'TEST', 'Pas encore'),
(145, 8, 40, '0', '2022-09-18 15:33:37', '2022-09-18 15:33:37', 'id145', 'TEST', 'Pas encore'),
(146, 8, 26, '0', '2022-09-18 15:33:49', '2022-09-18 15:33:49', 'id146', 'TEST', 'Pas encore'),
(147, 10, 27, '0', '2022-09-18 15:33:49', '2022-09-18 15:33:49', 'id147', 'TEST', 'Pas encore'),
(148, 10, 28, '0', '2022-09-18 15:33:49', '2022-09-18 15:33:49', 'id148', 'TEST', 'Pas encore'),
(149, 9, 29, '0', '2022-09-18 15:33:49', '2022-09-18 15:33:49', 'id149', 'TEST', 'Pas encore'),
(150, 8, 30, '0', '2022-09-18 15:33:49', '2022-09-18 15:33:49', 'id150', 'TEST', 'Pas encore'),
(151, 8, 31, '0', '2022-09-18 15:33:49', '2022-09-18 15:33:49', 'id151', 'TEST', 'Pas encore'),
(152, 10, 32, '0', '2022-09-18 15:33:49', '2022-09-18 15:33:49', 'id152', 'TEST', 'Pas encore'),
(153, 10, 33, '0', '2022-09-18 15:33:49', '2022-09-18 15:33:49', 'id153', 'TEST', 'Pas encore'),
(154, 8, 34, '0', '2022-09-18 15:33:49', '2022-09-18 15:33:49', 'id154', 'TEST', 'Pas encore'),
(155, 8, 35, '0', '2022-09-18 15:33:49', '2022-09-18 15:33:49', 'id155', 'TEST', 'Pas encore'),
(156, 9, 81, '0', '2022-09-18 15:33:58', '2022-09-18 15:33:58', 'id156', 'TEST', 'Pas encore'),
(157, 8, 82, '0', '2022-09-18 15:33:58', '2022-09-18 15:33:58', 'id157', 'TEST', 'Pas encore'),
(158, 9, 83, '0', '2022-09-18 15:33:58', '2022-09-18 15:33:58', 'id158', 'TEST', 'Pas encore'),
(159, 9, 84, '0', '2022-09-18 15:33:58', '2022-09-18 15:33:58', 'id159', 'TEST', 'Pas encore'),
(160, 10, 85, '0', '2022-09-18 15:33:58', '2022-09-18 15:33:58', 'id160', 'TEST', 'Pas encore'),
(161, 10, 86, '0', '2022-09-18 15:33:58', '2022-09-18 15:33:58', 'id161', 'TEST', 'Pas encore'),
(162, 10, 87, '0', '2022-09-18 15:33:58', '2022-09-18 15:33:58', 'id162', 'TEST', 'Pas encore'),
(163, 9, 88, '0', '2022-09-18 15:33:58', '2022-09-18 15:33:58', 'id163', 'TEST', 'Pas encore'),
(164, 9, 89, '0', '2022-09-18 15:33:58', '2022-09-18 15:33:58', 'id164', 'TEST', 'Pas encore'),
(165, 10, 90, '0', '2022-09-18 15:33:58', '2022-09-18 15:33:58', 'id165', 'TEST', 'Pas encore'),
(166, 10, 91, '0', '2022-09-18 15:33:58', '2022-09-18 15:33:58', 'id166', 'TEST', 'Pas encore'),
(167, 9, 92, '0', '2022-09-18 15:33:58', '2022-09-18 15:33:58', 'id167', 'TEST', 'Pas encore'),
(168, 8, 93, '0', '2022-09-18 15:33:58', '2022-09-18 15:33:58', 'id168', 'TEST', 'Pas encore'),
(169, 9, 94, '0', '2022-09-18 15:33:58', '2022-09-18 15:33:58', 'id169', 'TEST', 'Pas encore'),
(170, 9, 95, '0', '2022-09-18 15:33:58', '2022-09-18 15:33:58', 'id170', 'TEST', 'Pas encore'),
(171, 8, 41, '0', '2022-09-20 07:46:19', '2022-09-20 07:46:19', 'id171', 'TEST', 'Pas encore'),
(172, 8, 42, '0', '2022-09-20 07:46:19', '2022-09-20 07:46:19', 'id172', 'TEST', 'Pas encore'),
(173, 10, 43, '0', '2022-09-20 07:46:19', '2022-09-20 07:46:19', 'id173', 'TEST', 'Pas encore'),
(174, 10, 44, '0', '2022-09-20 07:46:19', '2022-09-20 07:46:19', 'id174', 'TEST', 'Pas encore'),
(175, 8, 45, '0', '2022-09-20 07:46:19', '2022-09-20 07:46:19', 'id175', 'TEST', 'Pas encore'),
(176, 10, 46, '0', '2022-09-20 07:46:19', '2022-09-20 07:46:19', 'id176', 'TEST', 'Pas encore'),
(177, 9, 47, '0', '2022-09-20 07:46:19', '2022-09-20 07:46:19', 'id177', 'TEST', 'Pas encore'),
(178, 9, 48, '0', '2022-09-20 07:46:19', '2022-09-20 07:46:19', 'id178', 'TEST', 'Pas encore'),
(179, 8, 49, '0', '2022-09-20 07:46:19', '2022-09-20 07:46:19', 'id179', 'TEST', 'Pas encore'),
(180, 10, 50, '0', '2022-09-20 07:46:19', '2022-09-20 07:46:19', 'id180', 'TEST', 'Pas encore'),
(181, 10, 51, '0', '2022-09-20 07:46:19', '2022-09-20 07:46:19', 'id181', 'TEST', 'Pas encore'),
(182, 8, 52, '0', '2022-09-20 07:46:19', '2022-09-20 07:46:19', 'id182', 'TEST', 'Pas encore'),
(183, 9, 53, '0', '2022-09-20 07:46:19', '2022-09-20 07:46:19', 'id183', 'TEST', 'Pas encore'),
(184, 8, 54, '0', '2022-09-20 07:46:19', '2022-09-20 07:46:19', 'id184', 'TEST', 'Pas encore'),
(185, 10, 55, '0', '2022-09-20 07:46:19', '2022-09-20 07:46:19', 'id185', 'TEST', 'Pas encore'),
(186, 8, 56, '0', '2022-09-20 07:46:19', '2022-09-20 07:46:19', 'id186', 'TEST', 'Pas encore'),
(187, 10, 57, '0', '2022-09-20 07:46:19', '2022-09-20 07:46:19', 'id187', 'TEST', 'Pas encore'),
(188, 9, 58, '0', '2022-09-20 07:46:19', '2022-09-20 07:46:19', 'id188', 'TEST', 'Pas encore'),
(189, 9, 59, '0', '2022-09-20 07:46:19', '2022-09-20 07:46:19', 'id189', 'TEST', 'Pas encore'),
(190, 9, 60, '0', '2022-09-20 07:46:19', '2022-09-20 07:46:19', 'id190', 'TEST', 'Pas encore'),
(191, 8, 61, '0', '2022-09-20 07:46:19', '2022-09-20 07:46:19', 'id191', 'TEST', 'Pas encore'),
(192, 8, 62, '0', '2022-09-20 07:46:19', '2022-09-20 07:46:19', 'id192', 'TEST', 'Pas encore'),
(193, 9, 63, '0', '2022-09-20 07:46:19', '2022-09-20 07:46:19', 'id193', 'TEST', 'Pas encore'),
(194, 10, 64, '0', '2022-09-20 07:46:19', '2022-09-20 07:46:19', 'id194', 'TEST', 'Pas encore'),
(195, 8, 65, '0', '2022-09-20 07:46:19', '2022-09-20 07:46:19', 'id195', 'TEST', 'Pas encore'),
(196, 9, 66, '0', '2022-09-20 07:46:19', '2022-09-20 07:46:19', 'id196', 'TEST', 'Pas encore'),
(197, 10, 67, '0', '2022-09-20 07:46:19', '2022-09-20 07:46:19', 'id197', 'TEST', 'Pas encore'),
(198, 9, 68, '0', '2022-09-20 07:46:19', '2022-09-20 07:46:19', 'id198', 'TEST', 'Pas encore'),
(199, 8, 69, '0', '2022-09-20 07:46:19', '2022-09-20 07:46:19', 'id199', 'TEST', 'Pas encore'),
(200, 10, 70, '0', '2022-09-20 07:46:19', '2022-09-20 07:46:19', 'id200', 'TEST', 'Pas encore'),
(201, 10, 71, '0', '2022-09-20 07:46:19', '2022-09-20 07:46:19', 'id201', 'TEST', 'Pas encore'),
(202, 10, 72, '0', '2022-09-20 07:46:19', '2022-09-20 07:46:19', 'id202', 'TEST', 'Pas encore'),
(203, 8, 73, '0', '2022-09-20 07:46:19', '2022-09-20 07:46:19', 'id203', 'TEST', 'Pas encore'),
(204, 9, 74, '0', '2022-09-20 07:46:19', '2022-09-20 07:46:19', 'id204', 'TEST', 'Pas encore'),
(205, 10, 75, '0', '2022-09-20 07:46:19', '2022-09-20 07:46:19', 'id205', 'TEST', 'Pas encore'),
(206, 9, 76, '0', '2022-09-20 07:46:19', '2022-09-20 07:46:19', 'id206', 'TEST', 'Pas encore'),
(207, 8, 77, '0', '2022-09-20 07:46:19', '2022-09-20 07:46:19', 'id207', 'TEST', 'Pas encore'),
(208, 9, 78, '0', '2022-09-20 07:46:19', '2022-09-20 07:46:19', 'id208', 'TEST', 'Pas encore'),
(209, 10, 79, '0', '2022-09-20 07:46:19', '2022-09-20 07:46:19', 'id209', 'TEST', 'Pas encore'),
(210, 9, 80, '0', '2022-09-20 07:46:19', '2022-09-20 07:46:19', 'id210', 'TEST', 'Pas encore'),
(211, 10, 81, '0', '2022-09-20 07:46:19', '2022-09-20 07:46:19', 'id211', 'TEST', 'Pas encore'),
(212, 8, 82, '0', '2022-09-20 07:46:19', '2022-09-20 07:46:19', 'id212', 'TEST', 'Pas encore'),
(213, 8, 83, '0', '2022-09-20 07:46:19', '2022-09-20 07:46:19', 'id213', 'TEST', 'Pas encore'),
(214, 8, 84, '0', '2022-09-20 07:46:19', '2022-09-20 07:46:19', 'id214', 'TEST', 'Pas encore'),
(215, 10, 85, '0', '2022-09-20 07:46:19', '2022-09-20 07:46:19', 'id215', 'TEST', 'Pas encore'),
(216, 8, 86, '0', '2022-09-20 07:46:19', '2022-09-20 07:46:19', 'id216', 'TEST', 'Pas encore'),
(217, 10, 87, '0', '2022-09-20 07:46:19', '2022-09-20 07:46:19', 'id217', 'TEST', 'Pas encore'),
(218, 9, 88, '0', '2022-09-20 07:46:19', '2022-09-20 07:46:19', 'id218', 'TEST', 'Pas encore'),
(219, 8, 89, '0', '2022-09-20 07:46:19', '2022-09-20 07:46:19', 'id219', 'TEST', 'Pas encore'),
(220, 10, 90, '0', '2022-09-20 07:46:19', '2022-09-20 07:46:19', 'id220', 'TEST', 'Pas encore'),
(221, 8, 91, '0', '2022-09-20 07:46:19', '2022-09-20 07:46:19', 'id221', 'TEST', 'Pas encore'),
(222, 9, 92, '0', '2022-09-20 07:46:19', '2022-09-20 07:46:19', 'id222', 'TEST', 'Pas encore'),
(223, 8, 93, '0', '2022-09-20 07:46:19', '2022-09-20 07:46:19', 'id223', 'TEST', 'Pas encore'),
(224, 8, 94, '0', '2022-09-20 07:46:19', '2022-09-20 07:46:19', 'id224', 'TEST', 'Pas encore'),
(225, 10, 95, '0', '2022-09-20 07:46:19', '2022-09-20 07:46:19', 'id225', 'TEST', 'Pas encore'),
(226, 8, 96, '0', '2022-09-20 07:46:19', '2022-09-20 07:46:19', 'id226', 'TEST', 'Pas encore'),
(227, 8, 97, '0', '2022-09-20 07:46:19', '2022-09-20 07:46:19', 'id227', 'TEST', 'Pas encore'),
(228, 9, 98, '0', '2022-09-20 07:46:19', '2022-09-20 07:46:19', 'id228', 'TEST', 'Pas encore'),
(229, 9, 99, '0', '2022-09-20 07:46:19', '2022-09-20 07:46:19', 'id229', 'TEST', 'Pas encore'),
(230, 10, 100, '0', '2022-09-20 07:46:19', '2022-09-20 07:46:19', 'id230', 'TEST', 'Pas encore'),
(231, 8, 101, '0', '2022-09-20 07:46:19', '2022-09-20 07:46:19', 'id231', 'TEST', 'Pas encore'),
(232, 9, 102, '0', '2022-09-20 07:46:19', '2022-09-20 07:46:19', 'id232', 'TEST', 'Pas encore'),
(233, 10, 103, '0', '2022-09-20 07:46:19', '2022-09-20 07:46:19', 'id233', 'TEST', 'Pas encore'),
(234, 9, 104, '0', '2022-09-20 07:46:19', '2022-09-20 07:46:19', 'id234', 'TEST', 'Pas encore'),
(235, 9, 105, '0', '2022-09-20 07:46:19', '2022-09-20 07:46:19', 'id235', 'TEST', 'Pas encore'),
(236, 8, 106, '0', '2022-09-20 07:46:19', '2022-09-20 07:46:19', 'id236', 'TEST', 'Pas encore'),
(237, 9, 107, '0', '2022-09-20 07:46:19', '2022-09-20 07:46:19', 'id237', 'TEST', 'Pas encore'),
(238, 10, 108, '0', '2022-09-20 07:46:19', '2022-09-20 07:46:19', 'id238', 'TEST', 'Pas encore'),
(239, 10, 109, '0', '2022-09-20 07:46:19', '2022-09-20 07:46:19', 'id239', 'TEST', 'Pas encore'),
(240, 8, 110, '0', '2022-09-20 07:46:19', '2022-09-20 07:46:19', 'id240', 'TEST', 'Pas encore'),
(241, 9, 111, '0', '2022-09-20 07:46:19', '2022-09-20 07:46:19', 'id241', 'TEST', 'Pas encore'),
(242, 10, 112, '0', '2022-09-20 07:46:19', '2022-09-20 07:46:19', 'id242', 'TEST', 'Pas encore'),
(243, 10, 113, '0', '2022-09-20 07:46:19', '2022-09-20 07:46:19', 'id243', 'TEST', 'Pas encore'),
(244, 9, 114, '0', '2022-09-20 07:46:19', '2022-09-20 07:46:19', 'id244', 'TEST', 'Pas encore'),
(245, 10, 115, '0', '2022-09-20 07:46:19', '2022-09-20 07:46:19', 'id245', 'TEST', 'Pas encore'),
(246, 10, 116, '0', '2022-09-20 07:46:19', '2022-09-20 07:46:19', 'id246', 'TEST', 'Pas encore'),
(247, 8, 117, '0', '2022-09-20 07:46:19', '2022-09-20 07:46:19', 'id247', 'TEST', 'Pas encore'),
(248, 8, 118, '0', '2022-09-20 07:46:19', '2022-09-20 07:46:19', 'id248', 'TEST', 'Pas encore'),
(249, 9, 119, '0', '2022-09-20 07:46:19', '2022-09-20 07:46:19', 'id249', 'TEST', 'Pas encore'),
(250, 8, 120, '0', '2022-09-20 07:46:19', '2022-09-20 07:46:19', 'id250', 'TEST', 'Pas encore'),
(251, 8, 121, '0', '2022-09-20 07:46:19', '2022-09-20 07:46:19', 'id251', 'TEST', 'Pas encore'),
(252, 9, 122, '0', '2022-09-20 07:46:19', '2022-09-20 07:46:19', 'id252', 'TEST', 'Pas encore'),
(253, 8, 123, '0', '2022-09-20 07:46:19', '2022-09-20 07:46:19', 'id253', 'TEST', 'Pas encore'),
(254, 8, 124, '0', '2022-09-20 07:46:19', '2022-09-20 07:46:19', 'id254', 'TEST', 'Pas encore'),
(255, 8, 125, '0', '2022-09-20 07:46:19', '2022-09-20 07:46:19', 'id255', 'TEST', 'Pas encore'),
(256, 10, 126, '0', '2022-09-20 07:46:19', '2022-09-20 07:46:19', 'id256', 'TEST', 'Pas encore'),
(257, 9, 127, '0', '2022-09-20 07:46:19', '2022-09-20 07:46:19', 'id257', 'TEST', 'Pas encore'),
(258, 10, 128, '0', '2022-09-20 07:46:19', '2022-09-20 07:46:19', 'id258', 'TEST', 'Pas encore'),
(259, 10, 129, '0', '2022-09-20 07:46:19', '2022-09-20 07:46:19', 'id259', 'TEST', 'Pas encore'),
(260, 10, 130, '0', '2022-09-20 07:46:19', '2022-09-20 07:46:19', 'id260', 'TEST', 'Pas encore'),
(261, 8, 131, '0', '2022-09-20 07:46:19', '2022-09-20 07:46:19', 'id261', 'TEST', 'Pas encore'),
(262, 10, 132, '0', '2022-09-20 07:46:19', '2022-09-20 07:46:19', 'id262', 'TEST', 'Pas encore'),
(263, 9, 133, '0', '2022-09-20 07:46:19', '2022-09-20 07:46:19', 'id263', 'TEST', 'Pas encore'),
(264, 8, 134, '0', '2022-09-20 07:46:19', '2022-09-20 07:46:19', 'id264', 'TEST', 'Pas encore'),
(265, 9, 135, '0', '2022-09-20 07:46:19', '2022-09-20 07:46:19', 'id265', 'TEST', 'Pas encore'),
(266, 10, 136, '0', '2022-09-20 07:46:19', '2022-09-20 07:46:19', 'id266', 'TEST', 'Pas encore'),
(267, 8, 137, '0', '2022-09-20 07:46:19', '2022-09-20 07:46:19', 'id267', 'TEST', 'Pas encore'),
(268, 10, 138, '0', '2022-09-20 07:46:19', '2022-09-20 07:46:19', 'id268', 'TEST', 'Pas encore'),
(269, 9, 139, '0', '2022-09-20 07:46:19', '2022-09-20 07:46:19', 'id269', 'TEST', 'Pas encore'),
(270, 9, 140, '0', '2022-09-20 07:46:19', '2022-09-20 07:46:19', 'id270', 'TEST', 'Pas encore'),
(271, 9, 36, '0', '2022-09-20 07:46:49', '2022-09-20 07:46:49', 'id271', 'TEST', 'Pas encore'),
(272, 10, 37, '0', '2022-09-20 07:46:49', '2022-09-20 07:46:49', 'id272', 'TEST', 'Pas encore'),
(273, 10, 38, '0', '2022-09-20 07:46:49', '2022-09-20 07:46:49', 'id273', 'TEST', 'Pas encore'),
(274, 8, 39, '0', '2022-09-20 07:46:49', '2022-09-20 07:46:49', 'id274', 'TEST', 'Pas encore'),
(275, 8, 40, '0', '2022-09-20 07:46:49', '2022-09-20 07:46:49', 'id275', 'TEST', 'Pas encore'),
(276, 10, 41, '0', '2022-09-20 07:46:49', '2022-09-20 07:46:49', 'id276', 'TEST', 'Pas encore'),
(277, 9, 42, '0', '2022-09-20 07:46:49', '2022-09-20 07:46:49', 'id277', 'TEST', 'Pas encore'),
(278, 8, 43, '0', '2022-09-20 07:46:49', '2022-09-20 07:46:49', 'id278', 'TEST', 'Pas encore'),
(279, 8, 44, '0', '2022-09-20 07:46:49', '2022-09-20 07:46:49', 'id279', 'TEST', 'Pas encore'),
(280, 9, 45, '0', '2022-09-20 07:46:49', '2022-09-20 07:46:49', 'id280', 'TEST', 'Pas encore'),
(281, 8, 46, '0', '2022-09-20 07:46:49', '2022-09-20 07:46:49', 'id281', 'TEST', 'Pas encore'),
(282, 9, 47, '0', '2022-09-20 07:46:49', '2022-09-20 07:46:49', 'id282', 'TEST', 'Pas encore'),
(283, 10, 48, '0', '2022-09-20 07:46:49', '2022-09-20 07:46:49', 'id283', 'TEST', 'Pas encore'),
(284, 9, 49, '0', '2022-09-20 07:46:49', '2022-09-20 07:46:49', 'id284', 'TEST', 'Pas encore'),
(285, 8, 50, '0', '2022-09-20 07:46:49', '2022-09-20 07:46:49', 'id285', 'TEST', 'Pas encore'),
(286, 9, 51, '0', '2022-09-20 07:46:49', '2022-09-20 07:46:49', 'id286', 'TEST', 'Pas encore'),
(287, 10, 52, '0', '2022-09-20 07:46:49', '2022-09-20 07:46:49', 'id287', 'TEST', 'Pas encore'),
(288, 10, 53, '0', '2022-09-20 07:46:49', '2022-09-20 07:46:49', 'id288', 'TEST', 'Pas encore'),
(289, 8, 54, '0', '2022-09-20 07:46:49', '2022-09-20 07:46:49', 'id289', 'TEST', 'Pas encore'),
(290, 8, 55, '0', '2022-09-20 07:46:49', '2022-09-20 07:46:49', 'id290', 'TEST', 'Pas encore'),
(291, 9, 56, '0', '2022-09-20 07:46:49', '2022-09-20 07:46:49', 'id291', 'TEST', 'Pas encore'),
(292, 9, 57, '0', '2022-09-20 07:46:49', '2022-09-20 07:46:49', 'id292', 'TEST', 'Pas encore'),
(293, 8, 58, '0', '2022-09-20 07:46:49', '2022-09-20 07:46:49', 'id293', 'TEST', 'Pas encore'),
(294, 9, 59, '0', '2022-09-20 07:46:49', '2022-09-20 07:46:49', 'id294', 'TEST', 'Pas encore'),
(295, 9, 60, '0', '2022-09-20 07:46:49', '2022-09-20 07:46:49', 'id295', 'TEST', 'Pas encore'),
(296, 8, 96, '0', '2022-09-20 07:47:12', '2022-09-20 07:47:12', 'id296', 'TEST', 'Pas encore'),
(297, 9, 97, '0', '2022-09-20 07:47:12', '2022-09-20 07:47:12', 'id297', 'TEST', 'Pas encore'),
(298, 9, 98, '0', '2022-09-20 07:47:12', '2022-09-20 07:47:12', 'id298', 'TEST', 'Pas encore'),
(299, 9, 99, '0', '2022-09-20 07:47:12', '2022-09-20 07:47:12', 'id299', 'TEST', 'Pas encore'),
(300, 10, 100, '0', '2022-09-20 07:47:12', '2022-09-20 07:47:12', 'id300', 'TEST', 'Pas encore'),
(301, 8, 101, '0', '2022-09-20 07:47:12', '2022-09-20 07:47:12', 'id301', 'TEST', 'Pas encore'),
(302, 9, 102, '0', '2022-09-20 07:47:12', '2022-09-20 07:47:12', 'id302', 'TEST', 'Pas encore'),
(303, 8, 103, '0', '2022-09-20 07:47:12', '2022-09-20 07:47:12', 'id303', 'TEST', 'Pas encore'),
(304, 9, 104, '0', '2022-09-20 07:47:12', '2022-09-20 07:47:12', 'id304', 'TEST', 'Pas encore'),
(305, 8, 105, '0', '2022-09-20 07:47:12', '2022-09-20 07:47:12', 'id305', 'TEST', 'Pas encore'),
(306, 9, 106, '0', '2022-09-20 07:47:12', '2022-09-20 07:47:12', 'id306', 'TEST', 'Pas encore'),
(307, 10, 107, '0', '2022-09-20 07:47:12', '2022-09-20 07:47:12', 'id307', 'TEST', 'Pas encore'),
(308, 10, 108, '0', '2022-09-20 07:47:12', '2022-09-20 07:47:12', 'id308', 'TEST', 'Pas encore'),
(309, 8, 109, '0', '2022-09-20 07:47:12', '2022-09-20 07:47:12', 'id309', 'TEST', 'Pas encore'),
(310, 10, 110, '0', '2022-09-20 07:47:12', '2022-09-20 07:47:12', 'id310', 'TEST', 'Pas encore'),
(311, 8, 111, '0', '2022-09-20 07:47:12', '2022-09-20 07:47:12', 'id311', 'TEST', 'Pas encore'),
(312, 9, 112, '0', '2022-09-20 07:47:12', '2022-09-20 07:47:12', 'id312', 'TEST', 'Pas encore'),
(313, 10, 113, '0', '2022-09-20 07:47:12', '2022-09-20 07:47:12', 'id313', 'TEST', 'Pas encore'),
(314, 9, 114, '0', '2022-09-20 07:47:12', '2022-09-20 07:47:12', 'id314', 'TEST', 'Pas encore'),
(315, 9, 115, '0', '2022-09-20 07:47:12', '2022-09-20 07:47:12', 'id315', 'TEST', 'Pas encore'),
(316, 8, 116, '0', '2022-09-20 07:47:12', '2022-09-20 07:47:12', 'id316', 'TEST', 'Pas encore'),
(317, 8, 117, '0', '2022-09-20 07:47:12', '2022-09-20 07:47:12', 'id317', 'TEST', 'Pas encore'),
(318, 10, 118, '0', '2022-09-20 07:47:12', '2022-09-20 07:47:12', 'id318', 'TEST', 'Pas encore'),
(319, 9, 119, '0', '2022-09-20 07:47:12', '2022-09-20 07:47:12', 'id319', 'TEST', 'Pas encore'),
(320, 8, 120, '0', '2022-09-20 07:47:12', '2022-09-20 07:47:12', 'id320', 'TEST', 'Pas encore'),
(321, 9, 121, '0', '2022-09-20 07:47:12', '2022-09-20 07:47:12', 'id321', 'TEST', 'Pas encore'),
(322, 9, 122, '0', '2022-09-20 07:47:12', '2022-09-20 07:47:12', 'id322', 'TEST', 'Pas encore'),
(323, 8, 123, '0', '2022-09-20 07:47:12', '2022-09-20 07:47:12', 'id323', 'TEST', 'Pas encore'),
(324, 8, 124, '0', '2022-09-20 07:47:12', '2022-09-20 07:47:12', 'id324', 'TEST', 'Pas encore'),
(325, 10, 125, '0', '2022-09-20 07:47:12', '2022-09-20 07:47:12', 'id325', 'TEST', 'Pas encore'),
(326, 9, 126, '0', '2022-09-20 07:47:12', '2022-09-20 07:47:12', 'id326', 'TEST', 'Pas encore'),
(327, 9, 127, '0', '2022-09-20 07:47:12', '2022-09-20 07:47:12', 'id327', 'TEST', 'Pas encore'),
(328, 10, 128, '0', '2022-09-20 07:47:12', '2022-09-20 07:47:12', 'id328', 'TEST', 'Pas encore'),
(329, 9, 129, '0', '2022-09-20 07:47:12', '2022-09-20 07:47:12', 'id329', 'TEST', 'Pas encore'),
(330, 10, 130, '0', '2022-09-20 07:47:12', '2022-09-20 07:47:12', 'id330', 'TEST', 'Pas encore'),
(331, 10, 61, '0', '2022-09-20 08:03:53', '2022-09-20 08:03:53', 'id331', 'TEST', 'Pas encore'),
(332, 8, 62, '0', '2022-09-20 08:03:53', '2022-09-20 08:03:53', 'id332', 'TEST', 'Pas encore'),
(333, 10, 63, '0', '2022-09-20 08:03:53', '2022-09-20 08:03:53', 'id333', 'TEST', 'Pas encore'),
(334, 8, 64, '0', '2022-09-20 08:03:53', '2022-09-20 08:03:53', 'id334', 'TEST', 'Pas encore'),
(335, 9, 65, '0', '2022-09-20 08:03:53', '2022-09-20 08:03:53', 'id335', 'TEST', 'Pas encore'),
(336, 9, 66, '0', '2022-09-20 08:03:53', '2022-09-20 08:03:53', 'id336', 'TEST', 'Pas encore'),
(337, 10, 67, '0', '2022-09-20 08:03:53', '2022-09-20 08:03:53', 'id337', 'TEST', 'Pas encore'),
(338, 8, 68, '0', '2022-09-20 08:03:53', '2022-09-20 08:03:53', 'id338', 'TEST', 'Pas encore'),
(339, 10, 69, '0', '2022-09-20 08:03:53', '2022-09-20 08:03:53', 'id339', 'TEST', 'Pas encore'),
(340, 8, 70, '0', '2022-09-20 08:03:53', '2022-09-20 08:03:53', 'id340', 'TEST', 'Pas encore'),
(341, 10, 71, '0', '2022-09-20 08:03:53', '2022-09-20 08:03:53', 'id341', 'TEST', 'Pas encore'),
(342, 10, 72, '0', '2022-09-20 08:03:53', '2022-09-20 08:03:53', 'id342', 'TEST', 'Pas encore'),
(343, 9, 73, '0', '2022-09-20 08:03:53', '2022-09-20 08:03:53', 'id343', 'TEST', 'Pas encore'),
(344, 9, 74, '0', '2022-09-20 08:03:53', '2022-09-20 08:03:53', 'id344', 'TEST', 'Pas encore'),
(345, 9, 75, '0', '2022-09-20 08:03:53', '2022-09-20 08:03:53', 'id345', 'TEST', 'Pas encore'),
(346, 8, 76, '0', '2022-09-20 08:03:53', '2022-09-20 08:03:53', 'id346', 'TEST', 'Pas encore'),
(347, 8, 77, '0', '2022-09-20 08:03:53', '2022-09-20 08:03:53', 'id347', 'TEST', 'Pas encore'),
(348, 9, 78, '0', '2022-09-20 08:03:53', '2022-09-20 08:03:53', 'id348', 'TEST', 'Pas encore'),
(349, 8, 79, '0', '2022-09-20 08:03:53', '2022-09-20 08:03:53', 'id349', 'TEST', 'Pas encore'),
(350, 9, 80, '0', '2022-09-20 08:03:53', '2022-09-20 08:03:53', 'id350', 'TEST', 'Pas encore'),
(351, 8, 81, '0', '2022-09-20 08:03:53', '2022-09-20 08:03:53', 'id351', 'TEST', 'Pas encore'),
(352, 9, 82, '0', '2022-09-20 08:03:53', '2022-09-20 08:03:53', 'id352', 'TEST', 'Pas encore'),
(353, 8, 83, '0', '2022-09-20 08:03:53', '2022-09-20 08:03:53', 'id353', 'TEST', 'Pas encore'),
(354, 8, 84, '0', '2022-09-20 08:03:53', '2022-09-20 08:03:53', 'id354', 'TEST', 'Pas encore'),
(355, 10, 85, '0', '2022-09-20 08:03:53', '2022-09-20 08:03:53', 'id355', 'TEST', 'Pas encore'),
(356, 8, 86, '0', '2022-09-20 08:03:53', '2022-09-20 08:03:53', 'id356', 'TEST', 'Pas encore'),
(357, 9, 87, '0', '2022-09-20 08:03:53', '2022-09-20 08:03:53', 'id357', 'TEST', 'Pas encore'),
(358, 8, 88, '0', '2022-09-20 08:03:53', '2022-09-20 08:03:53', 'id358', 'TEST', 'Pas encore'),
(359, 10, 89, '0', '2022-09-20 08:03:53', '2022-09-20 08:03:53', 'id359', 'TEST', 'Pas encore'),
(360, 9, 90, '0', '2022-09-20 08:03:53', '2022-09-20 08:03:53', 'id360', 'TEST', 'Pas encore'),
(361, 9, 91, '0', '2022-09-20 08:03:53', '2022-09-20 08:03:53', 'id361', 'TEST', 'Pas encore'),
(362, 10, 92, '0', '2022-09-20 08:03:53', '2022-09-20 08:03:53', 'id362', 'TEST', 'Pas encore'),
(363, 9, 93, 'sortie', '2022-09-20 08:03:53', '2022-09-22 13:44:17', 'id363', 'TEST', 'TEST'),
(364, 10, 94, '0', '2022-09-20 08:03:53', '2022-09-20 08:03:53', 'id364', 'TEST', 'Pas encore'),
(365, 9, 95, '0', '2022-09-20 08:03:53', '2022-09-20 08:03:53', 'id365', 'TEST', 'Pas encore'),
(366, 8, 96, '0', '2022-09-20 08:03:53', '2022-09-20 08:03:53', 'id366', 'TEST', 'Pas encore'),
(367, 10, 97, '0', '2022-09-20 08:03:53', '2022-09-20 08:03:53', 'id367', 'TEST', 'Pas encore'),
(368, 8, 98, '0', '2022-09-20 08:03:53', '2022-09-20 08:03:53', 'id368', 'TEST', 'Pas encore'),
(369, 10, 99, '0', '2022-09-20 08:03:53', '2022-09-20 08:03:53', 'id369', 'TEST', 'Pas encore'),
(370, 9, 100, '0', '2022-09-20 08:03:53', '2022-09-20 08:03:53', 'id370', 'TEST', 'Pas encore'),
(371, 8, 101, '0', '2022-09-20 08:03:53', '2022-09-20 08:03:53', 'id371', 'TEST', 'Pas encore'),
(372, 8, 102, '0', '2022-09-20 08:03:53', '2022-09-20 08:03:53', 'id372', 'TEST', 'Pas encore'),
(373, 8, 103, '0', '2022-09-20 08:03:53', '2022-09-20 08:03:53', 'id373', 'TEST', 'Pas encore'),
(374, 8, 104, '0', '2022-09-20 08:03:53', '2022-09-20 08:03:53', 'id374', 'TEST', 'Pas encore'),
(375, 10, 105, '0', '2022-09-20 08:03:53', '2022-09-20 08:03:53', 'id375', 'TEST', 'Pas encore'),
(376, 9, 106, '0', '2022-09-20 08:03:53', '2022-09-20 08:03:53', 'id376', 'TEST', 'Pas encore'),
(377, 8, 107, '0', '2022-09-20 08:03:53', '2022-09-20 08:03:53', 'id377', 'TEST', 'Pas encore'),
(378, 8, 108, '0', '2022-09-20 08:03:53', '2022-09-20 08:03:53', 'id378', 'TEST', 'Pas encore'),
(379, 8, 109, '0', '2022-09-20 08:03:53', '2022-09-20 08:03:53', 'id379', 'TEST', 'Pas encore'),
(380, 10, 110, '0', '2022-09-20 08:03:53', '2022-09-20 08:03:53', 'id380', 'TEST', 'Pas encore'),
(381, 8, 111, '0', '2022-09-20 08:03:53', '2022-09-20 08:03:53', 'id381', 'TEST', 'Pas encore'),
(382, 9, 112, '0', '2022-09-20 08:03:53', '2022-09-20 08:03:53', 'id382', 'TEST', 'Pas encore'),
(383, 8, 113, '0', '2022-09-20 08:03:53', '2022-09-20 08:03:53', 'id383', 'TEST', 'Pas encore'),
(384, 10, 114, '0', '2022-09-20 08:03:53', '2022-09-20 08:03:53', 'id384', 'TEST', 'Pas encore'),
(385, 10, 115, '0', '2022-09-20 08:03:53', '2022-09-20 08:03:53', 'id385', 'TEST', 'Pas encore'),
(386, 10, 116, '0', '2022-09-20 08:03:53', '2022-09-20 08:03:53', 'id386', 'TEST', 'Pas encore'),
(387, 10, 117, '0', '2022-09-20 08:03:53', '2022-09-20 08:03:53', 'id387', 'TEST', 'Pas encore'),
(388, 8, 118, '0', '2022-09-20 08:03:53', '2022-09-20 08:03:53', 'id388', 'TEST', 'Pas encore'),
(389, 10, 119, '0', '2022-09-20 08:03:53', '2022-09-20 08:03:53', 'id389', 'TEST', 'Pas encore'),
(390, 10, 120, '0', '2022-09-20 08:03:53', '2022-09-20 08:03:53', 'id390', 'TEST', 'Pas encore'),
(391, 10, 121, '0', '2022-09-20 08:03:53', '2022-09-20 08:03:53', 'id391', 'TEST', 'Pas encore'),
(392, 9, 122, '0', '2022-09-20 08:03:53', '2022-09-20 08:03:53', 'id392', 'TEST', 'Pas encore'),
(393, 10, 123, '0', '2022-09-20 08:03:53', '2022-09-20 08:03:53', 'id393', 'TEST', 'Pas encore'),
(394, 10, 124, '0', '2022-09-20 08:03:53', '2022-09-20 08:03:53', 'id394', 'TEST', 'Pas encore'),
(395, 8, 125, '0', '2022-09-20 08:03:53', '2022-09-20 08:03:53', 'id395', 'TEST', 'Pas encore'),
(396, 10, 126, '0', '2022-09-20 08:03:53', '2022-09-20 08:03:53', 'id396', 'TEST', 'Pas encore'),
(397, 9, 127, '0', '2022-09-20 08:03:53', '2022-09-20 08:03:53', 'id397', 'TEST', 'Pas encore'),
(398, 9, 128, '0', '2022-09-20 08:03:53', '2022-09-20 08:03:53', 'id398', 'TEST', 'Pas encore'),
(399, 10, 129, '0', '2022-09-20 08:03:53', '2022-09-20 08:03:53', 'id399', 'TEST', 'Pas encore'),
(400, 10, 130, '0', '2022-09-20 08:03:53', '2022-09-20 08:03:53', 'id400', 'TEST', 'Pas encore'),
(401, 8, 131, '0', '2022-09-20 08:03:53', '2022-09-20 08:03:53', 'id401', 'TEST', 'Pas encore'),
(402, 9, 132, '0', '2022-09-20 08:03:53', '2022-09-20 08:03:53', 'id402', 'TEST', 'Pas encore'),
(403, 8, 133, '0', '2022-09-20 08:03:53', '2022-09-20 08:03:53', 'id403', 'TEST', 'Pas encore'),
(404, 8, 134, '0', '2022-09-20 08:03:53', '2022-09-20 08:03:53', 'id404', 'TEST', 'Pas encore'),
(405, 8, 135, '0', '2022-09-20 08:03:53', '2022-09-20 08:03:53', 'id405', 'TEST', 'Pas encore'),
(406, 9, 136, '0', '2022-09-20 08:03:53', '2022-09-20 08:03:53', 'id406', 'TEST', 'Pas encore'),
(407, 10, 137, '0', '2022-09-20 08:03:53', '2022-09-20 08:03:53', 'id407', 'TEST', 'Pas encore'),
(408, 8, 138, '0', '2022-09-20 08:03:53', '2022-09-20 08:03:53', 'id408', 'TEST', 'Pas encore'),
(409, 9, 139, '0', '2022-09-20 08:03:53', '2022-09-20 08:03:53', 'id409', 'TEST', 'Pas encore'),
(410, 9, 140, '0', '2022-09-20 08:03:53', '2022-09-20 08:03:53', 'id410', 'TEST', 'Pas encore'),
(411, 9, 141, '0', '2022-09-20 08:03:53', '2022-09-20 08:03:53', 'id411', 'TEST', 'Pas encore'),
(412, 10, 142, '0', '2022-09-20 08:03:53', '2022-09-20 08:03:53', 'id412', 'TEST', 'Pas encore'),
(413, 8, 143, '0', '2022-09-20 08:03:53', '2022-09-20 08:03:53', 'id413', 'TEST', 'Pas encore'),
(414, 8, 144, '0', '2022-09-20 08:03:53', '2022-09-20 08:03:53', 'id414', 'TEST', 'Pas encore'),
(415, 8, 145, '0', '2022-09-20 08:03:53', '2022-09-20 08:03:53', 'id415', 'TEST', 'Pas encore'),
(416, 8, 146, '0', '2022-09-20 08:03:53', '2022-09-20 08:03:53', 'id416', 'TEST', 'Pas encore'),
(417, 8, 147, '0', '2022-09-20 08:03:53', '2022-09-20 08:03:53', 'id417', 'TEST', 'Pas encore'),
(418, 10, 148, '0', '2022-09-20 08:03:53', '2022-09-20 08:03:53', 'id418', 'TEST', 'Pas encore'),
(419, 9, 149, '0', '2022-09-20 08:03:53', '2022-09-20 08:03:53', 'id419', 'TEST', 'Pas encore'),
(420, 9, 150, '0', '2022-09-20 08:03:53', '2022-09-20 08:03:53', 'id420', 'TEST', 'Pas encore'),
(421, 10, 151, '0', '2022-09-20 08:03:53', '2022-09-20 08:03:53', 'id421', 'TEST', 'Pas encore'),
(422, 8, 152, '0', '2022-09-20 08:03:53', '2022-09-20 08:03:53', 'id422', 'TEST', 'Pas encore'),
(423, 10, 153, '0', '2022-09-20 08:03:53', '2022-09-20 08:03:53', 'id423', 'TEST', 'Pas encore'),
(424, 10, 154, '0', '2022-09-20 08:03:53', '2022-09-20 08:03:53', 'id424', 'TEST', 'Pas encore'),
(425, 9, 155, '0', '2022-09-20 08:03:53', '2022-09-20 08:03:53', 'id425', 'TEST', 'Pas encore'),
(426, 9, 156, '0', '2022-09-20 08:03:53', '2022-09-20 08:03:53', 'id426', 'TEST', 'Pas encore'),
(427, 8, 157, '0', '2022-09-20 08:03:53', '2022-09-20 08:03:53', 'id427', 'TEST', 'Pas encore'),
(428, 9, 158, '0', '2022-09-20 08:03:53', '2022-09-20 08:03:53', 'id428', 'TEST', 'Pas encore'),
(429, 10, 159, '0', '2022-09-20 08:03:53', '2022-09-20 08:03:53', 'id429', 'TEST', 'Pas encore'),
(430, 9, 160, '0', '2022-09-20 08:03:53', '2022-09-20 08:03:53', 'id430', 'TEST', 'Pas encore'),
(431, 9, 141, '0', '2022-09-20 08:04:12', '2022-09-20 08:04:12', 'id431', 'TEST', 'Pas encore'),
(432, 9, 142, '0', '2022-09-20 08:04:12', '2022-09-20 08:04:12', 'id432', 'TEST', 'Pas encore'),
(433, 9, 143, '0', '2022-09-20 08:04:12', '2022-09-20 08:04:12', 'id433', 'TEST', 'Pas encore'),
(434, 9, 144, '0', '2022-09-20 08:04:12', '2022-09-20 08:04:12', 'id434', 'TEST', 'Pas encore'),
(435, 10, 145, '0', '2022-09-20 08:04:12', '2022-09-20 08:04:12', 'id435', 'TEST', 'Pas encore'),
(436, 9, 146, '0', '2022-09-20 08:04:12', '2022-09-20 08:04:12', 'id436', 'TEST', 'Pas encore'),
(437, 9, 147, '0', '2022-09-20 08:04:12', '2022-09-20 08:04:12', 'id437', 'TEST', 'Pas encore'),
(438, 10, 148, '0', '2022-09-20 08:04:12', '2022-09-20 08:04:12', 'id438', 'TEST', 'Pas encore'),
(439, 10, 149, '0', '2022-09-20 08:04:12', '2022-09-20 08:04:12', 'id439', 'TEST', 'Pas encore'),
(440, 10, 150, '0', '2022-09-20 08:04:12', '2022-09-20 08:04:12', 'id440', 'TEST', 'Pas encore'),
(441, 9, 151, '0', '2022-09-20 08:04:12', '2022-09-20 08:04:12', 'id441', 'TEST', 'Pas encore'),
(442, 10, 152, 'sortie', '2022-09-20 08:04:12', '2022-09-22 13:44:31', 'id442', 'TEST', 'TEST'),
(443, 8, 153, '0', '2022-09-20 08:04:12', '2022-09-20 08:04:12', 'id443', 'TEST', 'Pas encore'),
(444, 9, 154, '0', '2022-09-20 08:04:12', '2022-09-20 08:04:12', 'id444', 'TEST', 'Pas encore'),
(445, 8, 155, '0', '2022-09-20 08:04:12', '2022-09-20 08:04:12', 'id445', 'TEST', 'Pas encore'),
(446, 8, 156, '0', '2022-09-20 08:04:12', '2022-09-20 08:04:12', 'id446', 'TEST', 'Pas encore'),
(447, 9, 157, '0', '2022-09-20 08:04:12', '2022-09-20 08:04:12', 'id447', 'TEST', 'Pas encore'),
(448, 8, 158, '0', '2022-09-20 08:04:12', '2022-09-20 08:04:12', 'id448', 'TEST', 'Pas encore'),
(449, 9, 159, '0', '2022-09-20 08:04:12', '2022-09-20 08:04:12', 'id449', 'TEST', 'Pas encore'),
(450, 8, 160, '0', '2022-09-20 08:04:12', '2022-09-20 08:04:12', 'id450', 'TEST', 'Pas encore'),
(451, 10, 161, '0', '2022-09-20 08:04:12', '2022-09-20 08:04:12', 'id451', 'TEST', 'Pas encore'),
(452, 8, 162, '0', '2022-09-20 08:04:12', '2022-09-20 08:04:12', 'id452', 'TEST', 'Pas encore'),
(453, 10, 163, '0', '2022-09-20 08:04:12', '2022-09-20 08:04:12', 'id453', 'TEST', 'Pas encore'),
(454, 9, 164, '0', '2022-09-20 08:04:12', '2022-09-20 08:04:12', 'id454', 'TEST', 'Pas encore'),
(455, 9, 165, '0', '2022-09-20 08:04:12', '2022-09-20 08:04:12', 'id455', 'TEST', 'Pas encore'),
(456, 10, 131, 'sortie', '2022-09-20 08:04:31', '2022-09-20 09:08:27', 'id456', 'TEST', 'TEST'),
(457, 9, 132, 'sortie', '2022-09-20 08:04:31', '2022-09-22 11:15:06', 'id457', 'TEST', 'TEST'),
(458, 9, 133, 'sortie', '2022-09-20 08:04:31', '2022-09-22 11:14:39', 'id458', 'TEST', 'TEST'),
(459, 8, 134, 'sortie', '2022-09-20 08:04:31', '2022-09-22 13:44:11', 'id459', 'TEST', 'TEST'),
(460, 8, 135, 'sortie', '2022-09-20 08:04:31', '2022-09-22 11:23:22', 'id460', 'TEST', 'TEST'),
(461, 9, 136, 'sortie', '2022-09-20 08:04:31', '2022-09-22 11:15:27', 'id461', 'TEST', 'TEST'),
(462, 10, 137, 'sortie', '2022-09-20 08:04:31', '2022-09-22 11:16:19', 'id462', 'TEST', 'TEST'),
(463, 9, 138, 'sortie', '2022-09-20 08:04:31', '2022-09-22 11:19:06', 'id463', 'TEST', 'TEST'),
(464, 10, 139, '0', '2022-09-20 08:04:31', '2022-09-20 08:04:31', 'id464', 'TEST', 'Pas encore'),
(465, 9, 140, 'sortie', '2022-09-20 08:04:31', '2022-09-22 11:23:29', 'id465', 'TEST', 'TEST'),
(466, 10, 141, '0', '2022-09-20 08:04:31', '2022-09-20 08:04:31', 'id466', 'TEST', 'Pas encore'),
(467, 10, 142, '0', '2022-09-20 08:04:31', '2022-09-20 08:04:31', 'id467', 'TEST', 'Pas encore'),
(468, 9, 143, '0', '2022-09-20 08:04:31', '2022-09-20 08:04:31', 'id468', 'TEST', 'Pas encore'),
(469, 9, 144, '0', '2022-09-20 08:04:31', '2022-09-20 08:04:31', 'id469', 'TEST', 'Pas encore'),
(470, 8, 145, '0', '2022-09-20 08:04:31', '2022-09-20 08:04:31', 'id470', 'TEST', 'Pas encore'),
(471, 10, 146, '0', '2022-09-20 08:04:31', '2022-09-20 08:04:31', 'id471', 'TEST', 'Pas encore'),
(472, 8, 147, '0', '2022-09-20 08:04:31', '2022-09-20 08:04:31', 'id472', 'TEST', 'Pas encore'),
(473, 10, 148, '0', '2022-09-20 08:04:31', '2022-09-20 08:04:31', 'id473', 'TEST', 'Pas encore'),
(474, 9, 149, '0', '2022-09-20 08:04:31', '2022-09-20 08:04:31', 'id474', 'TEST', 'Pas encore'),
(475, 9, 150, '0', '2022-09-20 08:04:31', '2022-09-20 08:04:31', 'id475', 'TEST', 'Pas encore'),
(476, 8, 151, '0', '2022-09-20 08:04:31', '2022-09-20 08:04:31', 'id476', 'TEST', 'Pas encore'),
(477, 8, 152, '0', '2022-09-20 08:04:31', '2022-09-20 08:04:31', 'id477', 'TEST', 'Pas encore'),
(478, 9, 153, '0', '2022-09-20 08:04:31', '2022-09-20 08:04:31', 'id478', 'TEST', 'Pas encore'),
(479, 9, 154, '0', '2022-09-20 08:04:31', '2022-09-20 08:04:31', 'id479', 'TEST', 'Pas encore'),
(480, 8, 155, '0', '2022-09-20 08:04:31', '2022-09-20 08:04:31', 'id480', 'TEST', 'Pas encore'),
(481, 9, 156, '0', '2022-09-20 08:04:31', '2022-09-20 08:04:31', 'id481', 'TEST', 'Pas encore'),
(482, 8, 157, '0', '2022-09-20 08:04:31', '2022-09-20 08:04:31', 'id482', 'TEST', 'Pas encore'),
(483, 10, 158, '0', '2022-09-20 08:04:31', '2022-09-20 08:04:31', 'id483', 'TEST', 'Pas encore'),
(484, 10, 159, '0', '2022-09-20 08:04:31', '2022-09-20 08:04:31', 'id484', 'TEST', 'Pas encore'),
(485, 9, 160, '0', '2022-09-20 08:04:31', '2022-09-20 08:04:31', 'id485', 'TEST', 'Pas encore'),
(486, 9, 161, '0', '2022-09-20 08:04:31', '2022-09-20 08:04:31', 'id486', 'TEST', 'Pas encore'),
(487, 9, 162, '0', '2022-09-20 08:04:31', '2022-09-20 08:04:31', 'id487', 'TEST', 'Pas encore'),
(488, 9, 163, '0', '2022-09-20 08:04:31', '2022-09-20 08:04:31', 'id488', 'TEST', 'Pas encore'),
(489, 8, 164, '0', '2022-09-20 08:04:31', '2022-09-20 08:04:31', 'id489', 'TEST', 'Pas encore'),
(490, 9, 165, '0', '2022-09-20 08:04:31', '2022-09-20 08:04:31', 'id490', 'TEST', 'Pas encore'),
(491, 10, 166, '0', '2022-09-20 08:04:31', '2022-09-20 08:04:31', 'id491', 'TEST', 'Pas encore'),
(492, 8, 167, '0', '2022-09-20 08:04:31', '2022-09-20 08:04:31', 'id492', 'TEST', 'Pas encore'),
(493, 10, 168, '0', '2022-09-20 08:04:31', '2022-09-20 08:04:31', 'id493', 'TEST', 'Pas encore'),
(494, 8, 169, '0', '2022-09-20 08:04:31', '2022-09-20 08:04:31', 'id494', 'TEST', 'Pas encore'),
(495, 10, 170, '0', '2022-09-20 08:04:31', '2022-09-20 08:04:31', 'id495', 'TEST', 'Pas encore'),
(496, 9, 171, '0', '2022-09-20 08:04:31', '2022-09-20 08:04:31', 'id496', 'TEST', 'Pas encore'),
(497, 9, 172, '0', '2022-09-20 08:04:31', '2022-09-20 08:04:31', 'id497', 'TEST', 'Pas encore'),
(498, 8, 173, '0', '2022-09-20 08:04:31', '2022-09-20 08:04:31', 'id498', 'TEST', 'Pas encore'),
(499, 8, 174, '0', '2022-09-20 08:04:31', '2022-09-20 08:04:31', 'id499', 'TEST', 'Pas encore'),
(500, 8, 175, '0', '2022-09-20 08:04:31', '2022-09-20 08:04:31', 'id500', 'TEST', 'Pas encore'),
(501, 9, 176, '0', '2022-09-20 08:04:31', '2022-09-20 08:04:31', 'id501', 'TEST', 'Pas encore'),
(502, 8, 177, '0', '2022-09-20 08:04:31', '2022-09-20 08:04:31', 'id502', 'TEST', 'Pas encore'),
(503, 9, 178, '0', '2022-09-20 08:04:31', '2022-09-20 08:04:31', 'id503', 'TEST', 'Pas encore'),
(504, 9, 179, '0', '2022-09-20 08:04:31', '2022-09-20 08:04:31', 'id504', 'TEST', 'Pas encore'),
(505, 9, 180, '0', '2022-09-20 08:04:31', '2022-09-20 08:04:31', 'id505', 'TEST', 'Pas encore'),
(506, 9, 181, '0', '2022-09-20 08:04:31', '2022-09-20 08:04:31', 'id506', 'TEST', 'Pas encore'),
(507, 10, 182, '0', '2022-09-20 08:04:31', '2022-09-20 08:04:31', 'id507', 'TEST', 'Pas encore'),
(508, 8, 183, '0', '2022-09-20 08:04:31', '2022-09-20 08:04:31', 'id508', 'TEST', 'Pas encore'),
(509, 8, 184, '0', '2022-09-20 08:04:31', '2022-09-20 08:04:31', 'id509', 'TEST', 'Pas encore'),
(510, 9, 185, '0', '2022-09-20 08:04:31', '2022-09-20 08:04:31', 'id510', 'TEST', 'Pas encore'),
(511, 8, 1, '0', '2022-09-20 07:09:09', '2022-09-20 07:09:09', 'id511', 'TEST', 'Pas encore');

-- --------------------------------------------------------

--
-- Structure de la table `users`
--

DROP TABLE IF EXISTS `users`;
CREATE TABLE IF NOT EXISTS `users` (
  `id` int(10) UNSIGNED NOT NULL AUTO_INCREMENT,
  `nom_prenom` varchar(191) CHARACTER SET utf8mb4 COLLATE utf8mb4_unicode_ci NOT NULL,
  `telephone` varchar(191) CHARACTER SET utf8mb4 COLLATE utf8mb4_unicode_ci NOT NULL,
  `grade` varchar(191) CHARACTER SET utf8mb4 COLLATE utf8mb4_unicode_ci NOT NULL,
  `email` varchar(191) CHARACTER SET utf8mb4 COLLATE utf8mb4_unicode_ci NOT NULL,
  `password` varchar(191) CHARACTER SET utf8mb4 COLLATE utf8mb4_unicode_ci NOT NULL,
  `password_text` varchar(191) CHARACTER SET utf8mb4 COLLATE utf8mb4_unicode_ci NOT NULL,
  `wilaya_id` int(10) UNSIGNED DEFAULT NULL,
  `commune_id` int(10) UNSIGNED DEFAULT NULL,
  `remember_token` varchar(100) CHARACTER SET utf8mb4 COLLATE utf8mb4_unicode_ci DEFAULT NULL,
  `created_at` timestamp NULL DEFAULT NULL,
  `updated_at` timestamp NULL DEFAULT NULL,
  `identite` varchar(191) CHARACTER SET utf8mb4 COLLATE utf8mb4_unicode_ci NOT NULL DEFAULT 'empty',
  PRIMARY KEY (`id`),
  UNIQUE KEY `users_email_unique` (`email`),
  KEY `users_wilaya_id_foreign` (`wilaya_id`),
  KEY `users_commune_id_foreign` (`commune_id`),
  KEY `id` (`id`,`wilaya_id`,`commune_id`)
) ENGINE=MyISAM DEFAULT CHARSET=utf8mb4 COLLATE=utf8mb4_unicode_ci;
COMMIT;

/*!40101 SET CHARACTER_SET_CLIENT=@OLD_CHARACTER_SET_CLIENT */;
/*!40101 SET CHARACTER_SET_RESULTS=@OLD_CHARACTER_SET_RESULTS */;
/*!40101 SET COLLATION_CONNECTION=@OLD_COLLATION_CONNECTION */;


--
-- Structure de la table `wilayas`
--

DROP TABLE IF EXISTS `wilayas`;
CREATE TABLE IF NOT EXISTS `wilayas` (
  `id` int(10) UNSIGNED NOT NULL,
  `name` varchar(191) COLLATE utf8mb4_unicode_ci NOT NULL,
  `code` int(10) UNSIGNED NOT NULL,
  `created_at` timestamp NULL DEFAULT NULL,
  `updated_at` timestamp NULL DEFAULT NULL,
  `montant` int(11) DEFAULT NULL,
  `livraison` int(11) DEFAULT NULL,
  `fournisseur` text COLLATE utf8mb4_unicode_ci,
  `livreur` text COLLATE utf8mb4_unicode_ci,
  `lsrapide` text COLLATE utf8mb4_unicode_ci,
  `abouti_livreur` text COLLATE utf8mb4_unicode_ci,
  `abouti_fournisseur` text COLLATE utf8mb4_unicode_ci,
  PRIMARY KEY (`id`)
) ENGINE=MyISAM DEFAULT CHARSET=utf8mb4 COLLATE=utf8mb4_unicode_ci;

--
-- Déchargement des données de la table `wilayas`
--

INSERT INTO `wilayas` (`id`, `name`, `code`, `created_at`, `updated_at`, `montant`, `livraison`, `fournisseur`, `livreur`, `lsrapide`, `abouti_livreur`, `abouti_fournisseur`) VALUES
(1, 'Adrar', 1, '2020-06-27 15:12:49', '2020-12-26 22:49:08', 300, 800, '1000', '600', NULL, '300', '500'),
(2, 'Chlef', 2, '2020-06-27 15:12:49', '2021-02-07 16:46:20', 1000, NULL, '800', '350', NULL, '200', '400'),
(3, 'Laghouat', 3, '2020-06-27 15:12:49', '2021-01-02 17:58:07', NULL, NULL, '900', '500', NULL, '250', '450'),
(4, 'Oum El Bouaghi', 4, '2020-06-27 15:12:49', '2021-01-15 15:05:00', 320, NULL, '800', '400', NULL, '200', '400'),
(5, 'Batna', 5, '2020-06-27 15:12:49', '2021-01-02 17:57:24', NULL, NULL, '800', '450', NULL, '200', '400'),
(6, 'Béjaïa', 6, '2020-06-27 15:12:49', '2021-04-17 10:20:30', 800, NULL, '800', '450', NULL, '200', '400'),
(7, 'Biskra', 7, '2020-06-27 15:12:49', '2021-01-13 21:20:59', NULL, NULL, '900', '450', NULL, '250', '450'),
(8, 'Béchar', 8, '2020-06-27 15:12:49', '2021-01-02 17:55:39', NULL, NULL, '1000', '600', NULL, '300', '500'),
(9, 'Blida', 9, '2020-06-27 15:12:49', '2021-02-21 15:49:41', NULL, NULL, '500', '350', NULL, '200', '300'),
(10, 'Bouira', 10, '2020-06-27 15:12:49', '2021-02-07 16:46:02', NULL, NULL, '800', '400', NULL, '200', '400'),
(11, 'Tamanrasset', 11, '2020-06-27 15:12:49', NULL, NULL, NULL, NULL, NULL, NULL, NULL, NULL),
(12, 'Tébessa', 12, '2020-06-27 15:12:49', '2021-02-26 13:37:07', NULL, NULL, '900', '450', NULL, '200', '400'),
(13, 'Tlemcen', 13, '2020-06-27 15:12:49', '2021-08-19 20:12:25', NULL, NULL, '900', '400', NULL, '200', '450'),
(14, 'Tiaret', 14, '2020-06-27 15:12:49', '2021-01-02 17:52:41', NULL, NULL, '800', '400', NULL, '200', '400'),
(15, 'Tizi Ouzou', 15, '2020-06-27 15:12:49', '2021-03-21 11:03:57', NULL, NULL, '700', '400', NULL, '200', '350'),
(16, 'Alger', 16, '2020-06-27 15:12:49', '2021-05-12 20:55:42', NULL, NULL, '400', '300', NULL, '150', '200'),
(17, 'Djelfa', 17, '2020-06-27 15:12:49', '2021-01-02 17:51:42', NULL, NULL, '900', '500', NULL, '250', '450'),
(18, 'Jijel', 18, '2020-06-27 15:12:49', '2021-04-08 11:05:53', NULL, NULL, '800', '400', NULL, '200', '400'),
(19, 'Sétif', 19, '2020-06-27 15:12:49', '2021-01-02 17:50:53', NULL, NULL, '800', '400', NULL, '200', '400'),
(20, 'Saïda', 20, '2020-06-27 15:12:49', '2021-02-26 13:36:01', NULL, NULL, '0', '400', NULL, '200', '0'),
(21, 'Skikda', 21, '2020-06-27 15:12:49', '2021-01-02 17:50:00', NULL, NULL, '800', '400', NULL, '200', '400'),
(22, 'Sidi Bel Abbès', 22, '2020-06-27 15:12:49', '2021-08-19 20:11:52', NULL, NULL, '800', '400', NULL, '150', '400'),
(23, 'Annaba', 23, '2020-06-27 15:12:49', '2021-01-15 15:02:56', NULL, NULL, '800', '400', NULL, '200', '400'),
(24, 'Guelma', 24, '2020-06-27 15:12:49', '2021-01-15 15:03:11', NULL, NULL, '800', '400', NULL, '200', '400'),
(25, 'Constantine', 25, '2020-06-27 15:12:49', '2021-03-14 11:12:24', NULL, NULL, '800', '400', NULL, '200', '400'),
(26, 'Médéa', 26, '2020-06-27 15:12:49', '2021-01-02 17:48:21', NULL, NULL, '750', '400', NULL, '200', '400'),
(27, 'Mostaganem', 27, '2020-06-27 15:12:49', '2021-08-19 20:11:36', NULL, NULL, '800', '400', NULL, '200', '400'),
(28, 'M\'Sila', 28, '2020-06-27 15:12:49', '2021-01-02 17:45:29', NULL, NULL, '800', '400', NULL, '200', '400'),
(29, 'Mascara', 29, '2020-06-27 15:12:49', '2021-08-19 20:11:19', NULL, NULL, '800', '400', NULL, '200', '400'),
(30, 'Ouargla', 30, '2020-06-27 15:12:49', '2021-01-02 17:44:15', NULL, NULL, '900', '500', NULL, '250', '450'),
(31, 'Oran', 31, '2020-06-27 15:12:49', '2021-05-09 19:50:02', NULL, NULL, '800', '300', NULL, '200', '400'),
(32, 'El Bayadh', 32, '2020-06-27 15:12:49', NULL, NULL, NULL, NULL, NULL, NULL, NULL, NULL),
(33, 'Illizi', 33, '2020-06-27 15:12:49', NULL, NULL, NULL, NULL, NULL, NULL, NULL, NULL),
(34, 'Bordj Bou Arreridj', 34, '2020-06-27 15:12:49', '2021-02-07 16:43:01', NULL, NULL, '800', '400', NULL, '200', '400'),
(35, 'Boumerdès', 35, '2020-06-27 15:12:49', '2021-04-28 20:19:30', NULL, NULL, '600', '350', NULL, '300', '300'),
(36, 'El Tarf', 36, '2020-06-27 15:12:49', '2021-02-26 13:36:44', NULL, NULL, '900', '400', NULL, '200', '400'),
(37, 'Tindouf', 37, '2020-06-27 15:12:49', NULL, NULL, NULL, NULL, NULL, NULL, NULL, NULL),
(38, 'Tissemsilt', 38, '2020-06-27 15:12:49', '2021-01-13 13:17:04', NULL, NULL, '800', '400', NULL, '200', '400'),
(39, 'El Oued', 39, '2020-06-27 15:12:49', '2021-01-02 17:42:00', NULL, NULL, '900', '500', NULL, '250', '450'),
(40, 'Khenchela', 40, '2020-06-27 15:12:49', '2021-03-31 08:59:02', NULL, NULL, '800', '450', NULL, '200', '400'),
(41, 'Souk Ahras', 41, '2020-06-27 15:12:49', '2021-01-22 14:35:08', NULL, NULL, '800', '450', NULL, '200', '400'),
(42, 'Tipaza', 42, '2020-06-27 15:12:49', '2021-01-02 17:40:44', NULL, NULL, '700', '400', NULL, '200', '350'),
(43, 'Mila', 43, '2020-06-27 15:12:49', '2021-01-13 21:17:53', NULL, NULL, '800', '400', NULL, '200', '400'),
(44, 'Aïn Defla', 44, '2020-06-27 15:12:49', '2021-01-02 17:38:45', NULL, NULL, '800', '400', NULL, '200', '400'),
(45, 'Naâma', 45, '2020-06-27 15:12:49', NULL, NULL, NULL, NULL, NULL, NULL, NULL, NULL),
(46, 'Aïn Témouchent', 46, '2020-06-27 15:12:49', '2021-08-19 20:10:52', NULL, NULL, '800', '400', NULL, '200', '400'),
(47, 'Ghardaïa', 47, '2020-06-27 15:12:49', '2021-01-05 18:37:34', NULL, NULL, '900', '500', NULL, '250', '450'),
(48, 'Relizane', 48, '2020-06-27 15:12:49', '2021-01-02 17:38:16', NULL, NULL, '800', '400', NULL, '200', '400');
COMMIT;

/*!40101 SET CHARACTER_SET_CLIENT=@OLD_CHARACTER_SET_CLIENT */;
/*!40101 SET CHARACTER_SET_RESULTS=@OLD_CHARACTER_SET_RESULTS */;
/*!40101 SET COLLATION_CONNECTION=@OLD_COLLATION_CONNECTION */;





DROP TABLE IF EXISTS `communes`;
CREATE TABLE IF NOT EXISTS `communes` (
  `id` int(10) UNSIGNED NOT NULL AUTO_INCREMENT,
  `wilaya` int(10) UNSIGNED NOT NULL,
  `name` varchar(191) COLLATE utf8mb4_unicode_ci NOT NULL,
  `created_at` timestamp NULL DEFAULT NULL,
  `updated_at` timestamp NULL DEFAULT NULL,
  PRIMARY KEY (`id`),
  KEY `communes_wilaya_foreign` (`wilaya`)
) ENGINE=MyISAM AUTO_INCREMENT=1541 DEFAULT CHARSET=utf8mb4 COLLATE=utf8mb4_unicode_ci;

--
-- Déchargement des données de la table `communes`
--

INSERT INTO `communes` (`id`, `wilaya`, `name`, `created_at`, `updated_at`) VALUES
(1, 1, 'Adrar', NULL, NULL),
(2, 1, 'Tamest', NULL, NULL),
(3, 1, 'Charouine', NULL, NULL),
(4, 1, 'Reggane', NULL, NULL),
(5, 1, 'In Zghmir', NULL, NULL),
(6, 1, 'Tit', NULL, NULL),
(7, 1, 'Ksar Kaddour', NULL, NULL),
(8, 1, 'Tsabit', NULL, NULL),
(9, 1, 'Timimoun', NULL, NULL),
(10, 1, 'Ouled Saïd', NULL, NULL),
(11, 1, 'Zaouiet Kounta', NULL, NULL),
(12, 1, 'Aoulef', NULL, NULL),
(13, 1, 'Tamekten', NULL, NULL),
(14, 1, 'Tamantit', NULL, NULL),
(15, 1, 'Fenoughil', NULL, NULL),
(16, 1, 'Tinerkouk', NULL, NULL),
(17, 1, 'Deldoul', NULL, NULL),
(18, 1, 'Sali', NULL, NULL),
(19, 1, 'Akabli', NULL, NULL),
(20, 1, 'Metarfa', NULL, NULL),
(21, 1, 'Ouled Ahmed Tammi', NULL, NULL),
(22, 1, 'Bouda', NULL, NULL),
(23, 1, 'Aougrout', NULL, NULL),
(24, 1, 'Talmine', NULL, NULL),
(25, 1, 'Bordj Badji Mokhtar', NULL, NULL),
(26, 1, 'Sebaa', NULL, NULL),
(27, 1, 'Ouled Aïssa', NULL, NULL),
(28, 1, 'Timiaouine', NULL, NULL),
(29, 2, 'Chlef', NULL, NULL),
(30, 2, 'Ténès', NULL, NULL),
(31, 2, 'Bénairia', NULL, NULL),
(32, 2, 'El Karimia', NULL, NULL),
(33, 2, 'Tadjena', NULL, NULL),
(34, 2, 'Taougrite', NULL, NULL),
(35, 2, 'Beni Haoua', NULL, NULL),
(36, 2, 'Sobha', NULL, NULL),
(37, 2, 'Harchoun', NULL, NULL),
(38, 2, 'Ouled Fares', NULL, NULL),
(39, 2, 'Sidi Akkacha', NULL, NULL),
(40, 2, 'Boukadir', NULL, NULL),
(41, 2, 'Beni Rached', NULL, NULL),
(42, 2, 'Talassa', NULL, NULL),
(43, 2, 'Harenfa', NULL, NULL),
(44, 2, 'Oued Goussine', NULL, NULL),
(45, 2, 'Dahra', NULL, NULL),
(46, 2, 'Ouled Abbes', NULL, NULL),
(47, 2, 'Sendjas', NULL, NULL),
(48, 2, 'Zeboudja', NULL, NULL),
(49, 2, 'Oued Sly', NULL, NULL),
(50, 2, 'Abou El Hassan', NULL, NULL),
(51, 2, 'El Marsa', NULL, NULL),
(52, 2, 'Chettia', NULL, NULL),
(53, 2, 'Sidi Abderrahmane', NULL, NULL),
(54, 2, 'Moussadek', NULL, NULL),
(55, 2, 'El Hadjadj', NULL, NULL),
(56, 2, 'Labiod Medjadja', NULL, NULL),
(57, 2, 'Oued Fodda', NULL, NULL),
(58, 2, 'Ouled Ben Abdelkader', NULL, NULL),
(59, 2, 'Bouzeghaia', NULL, NULL),
(60, 2, 'Aïn Merane', NULL, NULL),
(61, 2, 'Oum Drou', NULL, NULL),
(62, 2, 'Breira', NULL, NULL),
(63, 2, 'Beni Bouateb', NULL, NULL),
(64, 3, 'Laghouat', NULL, NULL),
(65, 3, 'Ksar El Hirane', NULL, NULL),
(66, 3, 'Bennasser Benchohra', NULL, NULL),
(67, 3, 'Sidi Makhlouf', NULL, NULL),
(68, 3, 'Hassi Delaa', NULL, NULL),
(69, 3, 'Hassi R\'Mel', NULL, NULL),
(70, 3, 'Aïn Madhi', NULL, NULL),
(71, 3, 'Tadjemout', NULL, NULL),
(72, 3, 'Kheneg', NULL, NULL),
(73, 3, 'Gueltat Sidi Saad', NULL, NULL),
(74, 3, 'Aïn Sidi Ali', NULL, NULL),
(75, 3, 'Beidha', NULL, NULL),
(76, 3, 'Brida', NULL, NULL),
(77, 3, 'El Ghicha', NULL, NULL),
(78, 3, 'Hadj Mechri', NULL, NULL),
(79, 3, 'Sebgag', NULL, NULL),
(80, 3, 'Taouila', NULL, NULL),
(81, 3, 'Tadjrouna', NULL, NULL),
(82, 3, 'Aflou', NULL, NULL),
(83, 3, 'El Assafia', NULL, NULL),
(84, 3, 'Oued Morra', NULL, NULL),
(85, 3, 'Oued M\'Zi', NULL, NULL),
(86, 3, 'El Houaita', NULL, NULL),
(87, 3, 'Sidi Bouzid', NULL, NULL),
(88, 4, 'Oum El Bouaghi', NULL, NULL),
(89, 4, 'Aïn Béïda', NULL, NULL),
(90, 4, 'Aïn M\'lila', NULL, NULL),
(91, 4, 'Behir Chergui', NULL, NULL),
(92, 4, 'El Amiria', NULL, NULL),
(93, 4, 'Sigus', NULL, NULL),
(94, 4, 'El Belala', NULL, NULL),
(95, 4, 'Aïn Babouche', NULL, NULL),
(96, 4, 'Berriche', NULL, NULL),
(97, 4, 'Ouled Hamla', NULL, NULL),
(98, 4, 'Dhalaa', NULL, NULL),
(99, 4, 'Aïn Kercha', NULL, NULL),
(100, 4, 'Hanchir Toumghani', NULL, NULL),
(101, 4, 'El Djazia', NULL, NULL),
(102, 4, 'Aïn Diss', NULL, NULL),
(103, 4, 'Fkirina', NULL, NULL),
(104, 4, 'Souk Naamane', NULL, NULL),
(105, 4, 'Zorg', NULL, NULL),
(106, 4, 'El Fedjouz Boughrara Saoudi', NULL, NULL),
(107, 4, 'Ouled Zouaï', NULL, NULL),
(108, 4, 'Bir Chouhada', NULL, NULL),
(109, 4, 'Ksar Sbahi', NULL, NULL),
(110, 4, 'Oued Nini', NULL, NULL),
(111, 4, 'Meskiana', NULL, NULL),
(112, 4, 'Aïn Fakroun', NULL, NULL),
(113, 4, 'Rahia', NULL, NULL),
(114, 4, 'Aïn Zitoun', NULL, NULL),
(115, 4, 'Ouled Gacem', NULL, NULL),
(116, 4, 'El Harmilia', NULL, NULL),
(117, 5, 'Batna', NULL, NULL),
(118, 5, 'Ghassira', NULL, NULL),
(119, 5, 'Maafa', NULL, NULL),
(120, 5, 'Merouana', NULL, NULL),
(121, 5, 'Seriana', NULL, NULL),
(122, 5, 'Menaa', NULL, NULL),
(123, 5, 'El Madher', NULL, NULL),
(124, 5, 'Tazoult', NULL, NULL),
(125, 5, 'N\'Gaous', NULL, NULL),
(126, 5, 'Guigba', NULL, NULL),
(127, 5, 'Inoughissen', NULL, NULL),
(128, 5, 'Ouyoun El Assafir', NULL, NULL),
(129, 5, 'Djerma', NULL, NULL),
(130, 5, 'Bitam', NULL, NULL),
(131, 5, 'Abdelkader Azil (Metkaouak)', NULL, NULL),
(132, 5, 'Arris', NULL, NULL),
(133, 5, 'Kimmel', NULL, NULL),
(134, 5, 'Tilatou', NULL, NULL),
(135, 5, 'Aïn Djasser', NULL, NULL),
(136, 5, 'Ouled Sellam', NULL, NULL),
(137, 5, 'Tigherghar', NULL, NULL),
(138, 5, 'Aïn Yagout', NULL, NULL),
(139, 5, 'Fesdis', NULL, NULL),
(140, 5, 'Sefiane', NULL, NULL),
(141, 5, 'Rahbat', NULL, NULL),
(142, 5, 'Tighanimine', NULL, NULL),
(143, 5, 'Lemsane', NULL, NULL),
(144, 5, 'Ksar Bellezma', NULL, NULL),
(145, 5, 'Seggana', NULL, NULL),
(146, 5, 'Ichmoul', NULL, NULL),
(147, 5, 'Foum Toub', NULL, NULL),
(148, 5, 'Ben Foudala El Hakania', NULL, NULL),
(149, 5, 'Oued El Ma', NULL, NULL),
(150, 5, 'Talkhamt', NULL, NULL),
(151, 5, 'Bouzina', NULL, NULL),
(152, 5, 'Chemora', NULL, NULL),
(153, 5, 'Oued Chaaba', NULL, NULL),
(154, 5, 'Taxlent', NULL, NULL),
(155, 5, 'Gosbat', NULL, NULL),
(156, 5, 'Ouled Aouf', NULL, NULL),
(157, 5, 'Boumaguer', NULL, NULL),
(158, 5, 'Barika', NULL, NULL),
(159, 5, 'Djezar', NULL, NULL),
(160, 5, 'T\'Kout', NULL, NULL),
(161, 5, 'Aïn Touta', NULL, NULL),
(162, 5, 'Hidoussa', NULL, NULL),
(163, 5, 'Teniet El Abed', NULL, NULL),
(164, 5, 'Oued Taga', NULL, NULL),
(165, 5, 'Ouled Fadel', NULL, NULL),
(166, 5, 'Timgad', NULL, NULL),
(167, 5, 'Ras El Aioun', NULL, NULL),
(168, 5, 'Chir', NULL, NULL),
(169, 5, 'Ouled Si Slimane', NULL, NULL),
(170, 5, 'Zanet El Beida', NULL, NULL),
(171, 5, 'M\'doukel', NULL, NULL),
(172, 5, 'Ouled Ammar', NULL, NULL),
(173, 5, 'El Hassi', NULL, NULL),
(174, 5, 'Lazrou', NULL, NULL),
(175, 5, 'Boumia', NULL, NULL),
(176, 5, 'Boulhilat', NULL, NULL),
(177, 6, 'Béjaïa', NULL, NULL),
(178, 6, 'Amizour', NULL, NULL),
(179, 6, 'Ferraoun', NULL, NULL),
(180, 6, 'Taourirt Ighil', NULL, NULL),
(181, 6, 'Chellata', NULL, NULL),
(182, 6, 'Tamokra', NULL, NULL),
(183, 6, 'Timezrit', NULL, NULL),
(184, 6, 'Souk El Ténine', NULL, NULL),
(185, 6, 'M\'cisna (Sidi Saïd)', NULL, NULL),
(186, 6, 'Tinabdher', NULL, NULL),
(187, 6, 'Tichy', NULL, NULL),
(188, 6, 'Semaoun', NULL, NULL),
(189, 6, 'Kendira', NULL, NULL),
(190, 6, 'Tifra', NULL, NULL),
(191, 6, 'Ighram', NULL, NULL),
(192, 6, 'Amalou', NULL, NULL),
(193, 6, 'Ighil Ali', NULL, NULL),
(194, 6, 'Fenaïa Ilmaten', NULL, NULL),
(195, 6, 'Toudja', NULL, NULL),
(196, 6, 'Darguina', NULL, NULL),
(197, 6, 'Sidi Ayad', NULL, NULL),
(198, 6, 'Aokas', NULL, NULL),
(199, 6, 'Beni Djellil', NULL, NULL),
(200, 6, 'Adekar', NULL, NULL),
(201, 6, 'Akbou', NULL, NULL),
(202, 6, 'Seddouk', NULL, NULL),
(203, 6, 'Tazmalt', NULL, NULL),
(204, 6, 'Aït R\'zine', NULL, NULL),
(205, 6, 'Chemini', NULL, NULL),
(206, 6, 'Souk Oufella', NULL, NULL),
(207, 6, 'Taskriout', NULL, NULL),
(208, 6, 'Tibane', NULL, NULL),
(209, 6, 'Tala Hamza', NULL, NULL),
(210, 6, 'Barbacha', NULL, NULL),
(211, 6, 'Beni Ksila', NULL, NULL),
(212, 6, 'Ouzellaguen', NULL, NULL),
(213, 6, 'Bouhamza', NULL, NULL),
(214, 6, 'Beni Mellikeche', NULL, NULL),
(215, 6, 'Sidi Aïch', NULL, NULL),
(216, 6, 'El Kseur', NULL, NULL),
(217, 6, 'Melbou', NULL, NULL),
(218, 6, 'Akfadou', NULL, NULL),
(219, 6, 'Leflaye', NULL, NULL),
(220, 6, 'Kherrata', NULL, NULL),
(221, 6, 'Draâ El-Kaïd', NULL, NULL),
(222, 6, 'Tamridjet', NULL, NULL),
(223, 6, 'Aït-Smail', NULL, NULL),
(224, 6, 'Boukhelifa', NULL, NULL),
(225, 6, 'Tizi N\'Berber', NULL, NULL),
(226, 6, 'Beni Maouche', NULL, NULL),
(227, 6, 'Oued Ghir', NULL, NULL),
(228, 6, 'Boudjellil', NULL, NULL),
(229, 7, 'Biskra', NULL, NULL),
(230, 7, 'Oumache', NULL, NULL),
(231, 7, 'Branis', NULL, NULL),
(232, 7, 'Chetma', NULL, NULL),
(233, 7, 'Ouled Djellal', NULL, NULL),
(234, 7, 'Ras El Miaad (Ouled Sassi)', NULL, NULL),
(235, 7, 'Besbes', NULL, NULL),
(236, 7, 'Sidi Khaled', NULL, NULL),
(237, 7, 'Doucen', NULL, NULL),
(238, 7, 'Ech Chaïba (Chouaiba)', NULL, NULL),
(239, 7, 'Sidi Okba', NULL, NULL),
(240, 7, 'M\'Chouneche', NULL, NULL),
(241, 7, 'El Haouch', NULL, NULL),
(242, 7, 'Aïn Naga', NULL, NULL),
(243, 7, 'Zeribet El Oued', NULL, NULL),
(244, 7, 'El Feidh', NULL, NULL),
(245, 7, 'El Kantara', NULL, NULL),
(246, 7, 'Ain Zaatout', NULL, NULL),
(247, 7, 'El Outaya', NULL, NULL),
(248, 7, 'Djemorah', NULL, NULL),
(249, 7, 'Tolga', NULL, NULL),
(250, 7, 'Lioua', NULL, NULL),
(251, 7, 'Lichana', NULL, NULL),
(252, 7, 'Ourlal', NULL, NULL),
(253, 7, 'M\'Lili', NULL, NULL),
(254, 7, 'Foughala', NULL, NULL),
(255, 7, 'Bordj Ben Azzouz', NULL, NULL),
(256, 7, 'El Mizaraa', NULL, NULL),
(257, 7, 'Bouchagroune', NULL, NULL),
(258, 7, 'Mekhadma', NULL, NULL),
(259, 7, 'El Ghrous', NULL, NULL),
(260, 7, 'El Hadjeb', NULL, NULL),
(261, 7, 'Khenguet Sidi Nadji', NULL, NULL),
(262, 8, 'Béchar', NULL, NULL),
(263, 8, 'Erg Ferradj', NULL, NULL),
(264, 8, 'Ouled Khoudir', NULL, NULL),
(265, 8, 'Meridja', NULL, NULL),
(266, 8, 'Timoudi', NULL, NULL),
(267, 8, 'Lahmar', NULL, NULL),
(268, 8, 'Béni Abbès', NULL, NULL),
(269, 8, 'Beni Ikhlef', NULL, NULL),
(270, 8, 'Mechraa Houari Boumedienne', NULL, NULL),
(271, 8, 'Kenadsa', NULL, NULL),
(272, 8, 'Igli', NULL, NULL),
(273, 8, 'Tabelbala', NULL, NULL),
(274, 8, 'Taghit', NULL, NULL),
(275, 8, 'El Ouata', NULL, NULL),
(276, 8, 'Boukaïs', NULL, NULL),
(277, 8, 'Mougheul', NULL, NULL),
(278, 8, 'Abadla', NULL, NULL),
(279, 8, 'Kerzaz', NULL, NULL),
(280, 8, 'Ksabi', NULL, NULL),
(281, 8, 'Tamtert', NULL, NULL),
(282, 8, 'Beni Ounif', NULL, NULL),
(283, 9, 'Blida', NULL, NULL),
(284, 9, 'Chebli', NULL, NULL),
(285, 9, 'Bouinan', NULL, NULL),
(286, 9, 'Oued Alleug', NULL, NULL),
(287, 9, 'Ouled Yaïch', NULL, NULL),
(288, 9, 'Chréa', NULL, NULL),
(289, 9, 'El Affroun', NULL, NULL),
(290, 9, 'Chiffa', NULL, NULL),
(291, 9, 'Hammam Melouane', NULL, NULL),
(292, 9, 'Benkhelil', NULL, NULL),
(293, 9, 'Soumaa', NULL, NULL),
(294, 9, 'Mouzaia', NULL, NULL),
(295, 9, 'Souhane', NULL, NULL),
(296, 9, 'Meftah', NULL, NULL),
(297, 9, 'Ouled Slama', NULL, NULL),
(298, 9, 'Boufarik', NULL, NULL),
(299, 9, 'Larbaâ', NULL, NULL),
(300, 9, 'Oued Djer', NULL, NULL),
(301, 9, 'Beni Tamou', NULL, NULL),
(302, 9, 'Bouarfa', NULL, NULL),
(303, 9, 'Beni Mered', NULL, NULL),
(304, 9, 'Bougara', NULL, NULL),
(305, 9, 'Guerouaou', NULL, NULL),
(306, 9, 'Aïn Romana', NULL, NULL),
(307, 9, 'Djebabra', NULL, NULL),
(308, 10, 'Bouira', NULL, NULL),
(309, 10, 'El Asnam', NULL, NULL),
(310, 10, 'Guerrouma', NULL, NULL),
(311, 10, 'Souk El Khemis', NULL, NULL),
(312, 10, 'Kadiria', NULL, NULL),
(313, 10, 'Hanif (Ahnif)', NULL, NULL),
(314, 10, 'Dirrah', NULL, NULL),
(315, 10, 'Aït Laziz', NULL, NULL),
(316, 10, 'Taghzout', NULL, NULL),
(317, 10, 'Raouraoua', NULL, NULL),
(318, 10, 'Mezdour', NULL, NULL),
(319, 10, 'Haizer', NULL, NULL),
(320, 10, 'Lakhdaria', NULL, NULL),
(321, 10, 'Maala', NULL, NULL),
(322, 10, 'El Hachimia', NULL, NULL),
(323, 10, 'Aomar', NULL, NULL),
(324, 10, 'Chorfa', NULL, NULL),
(325, 10, 'Bordj Okhriss', NULL, NULL),
(326, 10, 'El Adjiba', NULL, NULL),
(327, 10, 'El Hakimia', NULL, NULL),
(328, 10, 'El Khabouzia', NULL, NULL),
(329, 10, 'Ahl El Ksar', NULL, NULL),
(330, 10, 'Bouderbala', NULL, NULL),
(331, 10, 'Zbarbar', NULL, NULL),
(332, 10, 'Aïn El Hadjar', NULL, NULL),
(333, 10, 'Djebahia', NULL, NULL),
(334, 10, 'Aghbalou', NULL, NULL),
(335, 10, 'Taguedit', NULL, NULL),
(336, 10, 'Aïn El Turc', NULL, NULL),
(337, 10, 'Saharidj', NULL, NULL),
(338, 10, 'Dechmia', NULL, NULL),
(339, 10, 'Ridane', NULL, NULL),
(340, 10, 'Bechloul', NULL, NULL),
(341, 10, 'Boukram', NULL, NULL),
(342, 10, 'Aïn Bessem', NULL, NULL),
(343, 10, 'Bir Ghbalou', NULL, NULL),
(344, 10, 'M\'Chedallah', NULL, NULL),
(345, 10, 'Sour El Ghozlane', NULL, NULL),
(346, 10, 'Maamora', NULL, NULL),
(347, 10, 'Ouled Rached', NULL, NULL),
(348, 10, 'Aïn Laloui', NULL, NULL),
(349, 10, 'Hadjera Zerga', NULL, NULL),
(350, 10, 'Ath Mansour', NULL, NULL),
(351, 10, 'El Mokrani', NULL, NULL),
(352, 10, 'Oued El Berdi', NULL, NULL),
(353, 11, 'Tamanrasset', NULL, NULL),
(354, 11, 'Abalessa', NULL, NULL),
(355, 11, 'In Ghar', NULL, NULL),
(356, 11, 'In Guezzam', NULL, NULL),
(357, 11, 'Idles', NULL, NULL),
(358, 11, 'Tazrouk', NULL, NULL),
(359, 11, 'Tinzaouten', NULL, NULL),
(360, 11, 'In Salah', NULL, NULL),
(361, 11, 'In Amguel', NULL, NULL),
(362, 11, 'Foggaret Ezzaouia', NULL, NULL),
(363, 12, 'Tébessa', NULL, NULL),
(364, 12, 'Bir el-Ater', NULL, NULL),
(365, 12, 'Cheria', NULL, NULL),
(366, 12, 'Stah Guentis', NULL, NULL),
(367, 12, 'El Aouinet', NULL, NULL),
(368, 12, 'El Houidjbet', NULL, NULL),
(369, 12, 'Safsaf El Ouesra', NULL, NULL),
(370, 12, 'Hammamet', NULL, NULL),
(371, 12, 'Negrine', NULL, NULL),
(372, 12, 'Bir Mokkadem', NULL, NULL),
(373, 12, 'El Kouif', NULL, NULL),
(374, 12, 'Morsott', NULL, NULL),
(375, 12, 'El Ogla', NULL, NULL),
(376, 12, 'Bir Dheb', NULL, NULL),
(377, 12, 'Ogla Melha', NULL, NULL),
(378, 12, 'Guorriguer', NULL, NULL),
(379, 12, 'Bekkaria', NULL, NULL),
(380, 12, 'Boukhadra', NULL, NULL),
(381, 12, 'Ouenza', NULL, NULL),
(382, 12, 'El Ma Labiodh', NULL, NULL),
(383, 12, 'Oum Ali', NULL, NULL),
(384, 12, 'Tlidjene', NULL, NULL),
(385, 12, 'Aïn Zerga', NULL, NULL),
(386, 12, 'El Meridj', NULL, NULL),
(387, 12, 'Boulhaf Dir', NULL, NULL),
(388, 12, 'Bedjene', NULL, NULL),
(389, 12, 'El Mezeraa', NULL, NULL),
(390, 12, 'Ferkane', NULL, NULL),
(391, 13, 'Tlemcen', NULL, NULL),
(392, 13, 'Beni Mester', NULL, NULL),
(393, 13, 'Aïn Tallout', NULL, NULL),
(394, 13, 'Remchi', NULL, NULL),
(395, 13, 'El Fehoul', NULL, NULL),
(396, 13, 'Sabra', NULL, NULL),
(397, 13, 'Ghazaouet', NULL, NULL),
(398, 13, 'Souani', NULL, NULL),
(399, 13, 'Djebala', NULL, NULL),
(400, 13, 'El Gor', NULL, NULL),
(401, 13, 'Oued Lakhdar (Oued Chouly)', NULL, NULL),
(402, 13, 'Aïn Fezza', NULL, NULL),
(403, 13, 'Ouled Mimoun', NULL, NULL),
(404, 13, 'Amieur', NULL, NULL),
(405, 13, 'Aïn Youcef', NULL, NULL),
(406, 13, 'Zenata', NULL, NULL),
(407, 13, 'Beni Snous', NULL, NULL),
(408, 13, 'Bab El Assa', NULL, NULL),
(409, 13, 'Dar Yaghmouracene', NULL, NULL),
(410, 13, 'Fellaoucene', NULL, NULL),
(411, 13, 'Azaïls', NULL, NULL),
(412, 13, 'Sebaa Chioukh', NULL, NULL),
(413, 13, 'Terny Beni Hdiel', NULL, NULL),
(414, 13, 'Bensekrane', NULL, NULL),
(415, 13, 'Aïn Nehala', NULL, NULL),
(416, 13, 'Hennaya', NULL, NULL),
(417, 13, 'Maghnia', NULL, NULL),
(418, 13, 'Hammam Boughrara', NULL, NULL),
(419, 13, 'Souahlia', NULL, NULL),
(420, 13, 'Msirda Fouaga', NULL, NULL),
(421, 13, 'Aïn Fetah', NULL, NULL),
(422, 13, 'El Aricha', NULL, NULL),
(423, 13, 'Souk Tlata', NULL, NULL),
(424, 13, 'Sidi Abdelli', NULL, NULL),
(425, 13, 'Sebdou', NULL, NULL),
(426, 13, 'Beni Ouarsous', NULL, NULL),
(427, 13, 'Sidi Medjahed', NULL, NULL),
(428, 13, 'Beni Boussaïd', NULL, NULL),
(429, 13, 'Marsa Ben M\'Hidi', NULL, NULL),
(430, 13, 'Nedroma', NULL, NULL),
(431, 13, 'Sidi Djillali', NULL, NULL),
(432, 13, 'Beni Bahdel', NULL, NULL),
(433, 13, 'El Bouihi', NULL, NULL),
(434, 13, 'Honaïne', NULL, NULL),
(435, 13, 'Tienet', NULL, NULL),
(436, 13, 'Ouled Riyah', NULL, NULL),
(437, 13, 'Bouhlou', NULL, NULL),
(438, 13, 'Beni Khellad (Beni Rached)', NULL, NULL),
(439, 13, 'Aïn Ghoraba', NULL, NULL),
(440, 13, 'Chetouane', NULL, NULL),
(441, 13, 'Mansourah', NULL, NULL),
(442, 13, 'Beni Semiel', NULL, NULL),
(443, 13, 'Aïn Kebira', NULL, NULL),
(444, 14, 'Tiaret', NULL, NULL),
(445, 14, 'Medroussa', NULL, NULL),
(446, 14, 'Aïn Bouchekif', NULL, NULL),
(447, 14, 'Sidi Ali Mellal', NULL, NULL),
(448, 14, 'Aïn Zarit', NULL, NULL),
(449, 14, 'Aïn Deheb', NULL, NULL),
(450, 14, 'Sidi Bakhti', NULL, NULL),
(451, 14, 'Medrissa', NULL, NULL),
(452, 14, 'Zmalet El Emir Abdelkader', NULL, NULL),
(453, 14, 'Madna', NULL, NULL),
(454, 14, 'Sebt', NULL, NULL),
(455, 14, 'Mellakou', NULL, NULL),
(456, 14, 'Dahmouni', NULL, NULL),
(457, 14, 'Rahouia', NULL, NULL),
(458, 14, 'Mahdia', NULL, NULL),
(459, 14, 'Sougueur', NULL, NULL),
(460, 14, 'Si Abdelghani', NULL, NULL),
(461, 14, 'Aïn El Hadid', NULL, NULL),
(462, 14, 'Djebilet Rosfa', NULL, NULL),
(463, 14, 'Naima', NULL, NULL),
(464, 14, 'Meghila', NULL, NULL),
(465, 14, 'Guertoufa', NULL, NULL),
(466, 14, 'Sidi Hosni', NULL, NULL),
(467, 14, 'Djillali Ben Amar', NULL, NULL),
(468, 14, 'Sebaïne', NULL, NULL),
(469, 14, 'Tousnina', NULL, NULL),
(470, 14, 'Frenda', NULL, NULL),
(471, 14, 'Aïn Kermes', NULL, NULL),
(472, 14, 'Ksar Chellala', NULL, NULL),
(473, 14, 'Rechaiga', NULL, NULL),
(474, 14, 'Nadorah', NULL, NULL),
(475, 14, 'Tagdemt', NULL, NULL),
(476, 14, 'Oued Lilli', NULL, NULL),
(477, 14, 'Mechraa Safa', NULL, NULL),
(478, 14, 'Hamadia', NULL, NULL),
(479, 14, 'Chehaima', NULL, NULL),
(480, 14, 'Takhemaret', NULL, NULL),
(481, 14, 'Sidi Abderrahmane', NULL, NULL),
(482, 14, 'Serghine', NULL, NULL),
(483, 14, 'Bougara', NULL, NULL),
(484, 14, 'Faidja', NULL, NULL),
(485, 14, 'Tidda', NULL, NULL),
(486, 15, 'Tizi Ouzou', NULL, NULL),
(487, 15, 'Aïn El Hammam', NULL, NULL),
(488, 15, 'Akbil', NULL, NULL),
(489, 15, 'Freha', NULL, NULL),
(490, 15, 'Souamaâ', NULL, NULL),
(491, 15, 'Mechtras', NULL, NULL),
(492, 15, 'Irdjen', NULL, NULL),
(493, 15, 'Timizart', NULL, NULL),
(494, 15, 'Makouda', NULL, NULL),
(495, 15, 'Draâ El Mizan', NULL, NULL),
(496, 15, 'Tizi Gheniff', NULL, NULL),
(497, 15, 'Bounouh', NULL, NULL),
(498, 15, 'Aït Chafâa', NULL, NULL),
(499, 15, 'Frikat', NULL, NULL),
(500, 15, 'Beni Aïssi', NULL, NULL),
(501, 15, 'Beni Zmenzer', NULL, NULL),
(502, 15, 'Iferhounène', NULL, NULL),
(503, 15, 'Azazga', NULL, NULL),
(504, 15, 'Illoula Oumalou', NULL, NULL),
(505, 15, 'Yakouren', NULL, NULL),
(506, 15, 'Larbaâ Nath Irathen', NULL, NULL),
(507, 15, 'Tizi Rached', NULL, NULL),
(508, 15, 'Zekri', NULL, NULL),
(509, 15, 'Ouaguenoun', NULL, NULL),
(510, 15, 'Aïn Zaouia', NULL, NULL),
(511, 15, 'M\'kira', NULL, NULL),
(512, 15, 'Aït Yahia', NULL, NULL),
(513, 15, 'Aït Mahmoud', NULL, NULL),
(514, 15, 'Maâtkas', NULL, NULL),
(515, 15, 'Aït Boumahdi', NULL, NULL),
(516, 15, 'Abi Youcef', NULL, NULL),
(517, 15, 'Beni Douala', NULL, NULL),
(518, 15, 'Illilten', NULL, NULL),
(519, 15, 'Bouzguen', NULL, NULL),
(520, 15, 'Aït Aouggacha', NULL, NULL),
(521, 15, 'Ouadhia', NULL, NULL),
(522, 15, 'Azeffoun', NULL, NULL),
(523, 15, 'Tigzirt', NULL, NULL),
(524, 15, 'Djebel Aissa Mimoun', NULL, NULL),
(525, 15, 'Boghni', NULL, NULL),
(526, 15, 'Ifigha', NULL, NULL),
(527, 15, 'Aït Oumalou', NULL, NULL),
(528, 15, 'Tirmitine', NULL, NULL),
(529, 15, 'Akerrou', NULL, NULL),
(530, 15, 'Yatafen', NULL, NULL),
(531, 15, 'Beni Ziki', NULL, NULL),
(532, 15, 'Draâ Ben Khedda', NULL, NULL),
(533, 15, 'Ouacif', NULL, NULL),
(534, 15, 'Idjeur', NULL, NULL),
(535, 15, 'Mekla', NULL, NULL),
(536, 15, 'Tizi N\'Tleta', NULL, NULL),
(537, 15, 'Beni Yenni', NULL, NULL),
(538, 15, 'Aghribs', NULL, NULL),
(539, 15, 'Iflissen', NULL, NULL),
(540, 15, 'Boudjima', NULL, NULL),
(541, 15, 'Aït Yahia Moussa', NULL, NULL),
(542, 15, 'Souk El Thenine', NULL, NULL),
(543, 15, 'Aït Khellili', NULL, NULL),
(544, 15, 'Sidi Nâamane', NULL, NULL),
(545, 15, 'Iboudraren', NULL, NULL),
(546, 15, 'Agouni Gueghrane', NULL, NULL),
(547, 15, 'Mezrara', NULL, NULL),
(548, 15, 'Imsouhel', NULL, NULL),
(549, 15, 'Tadmaït', NULL, NULL),
(550, 15, 'Aït Bouaddou', NULL, NULL),
(551, 15, 'Assi Youcef', NULL, NULL),
(552, 15, 'Aït Toudert', NULL, NULL),
(553, 16, 'Alger', NULL, NULL),
(554, 16, 'Sidi M\'hamed', NULL, NULL),
(555, 16, 'El Madania', NULL, NULL),
(556, 16, 'Mohamed Belouizdad (Hamma Annassers)', NULL, NULL),
(557, 16, 'Bab El Oued', NULL, NULL),
(558, 16, 'Bologhine', NULL, NULL),
(559, 16, 'Casbah', NULL, NULL),
(560, 16, 'Oued Koriche', NULL, NULL),
(561, 16, 'Bir Mourad Raïs', NULL, NULL),
(562, 16, 'El Biar', NULL, NULL),
(563, 16, 'Bouzereah', NULL, NULL),
(564, 16, 'Birkhadem', NULL, NULL),
(565, 16, 'El Harrach', NULL, NULL),
(566, 16, 'Baraki', NULL, NULL),
(567, 16, 'Oued Smar', NULL, NULL),
(568, 16, 'Bourouba', NULL, NULL),
(569, 16, 'Hussein Dey', NULL, NULL),
(570, 16, 'Kouba', NULL, NULL),
(571, 16, 'Bachdjerrah', NULL, NULL),
(572, 16, 'Dar El Beïda', NULL, NULL),
(573, 16, 'Bab Ezzouar', NULL, NULL),
(574, 16, 'Ben Aknoun', NULL, NULL),
(575, 16, 'Dely Ibrahim', NULL, NULL),
(576, 16, 'El Hammamet', NULL, NULL),
(577, 16, 'Raïs Hamidou', NULL, NULL),
(578, 16, 'Djasr Kasentina', NULL, NULL),
(579, 16, 'El Mouradia', NULL, NULL),
(580, 16, 'Hydra', NULL, NULL),
(581, 16, 'Mohammadia', NULL, NULL),
(582, 16, 'Bordj El Kiffan', NULL, NULL),
(583, 16, 'El Magharia', NULL, NULL),
(584, 16, 'Beni Messous', NULL, NULL),
(585, 16, 'Les Eucalyptus', NULL, NULL),
(586, 16, 'Birtouta', NULL, NULL),
(587, 16, 'Tessala El Merdja', NULL, NULL),
(588, 16, 'Ouled Chebel', NULL, NULL),
(589, 16, 'Sidi Moussa', NULL, NULL),
(590, 16, 'Aïn Taya', NULL, NULL),
(591, 16, 'Bordj El Bahri', NULL, NULL),
(592, 16, 'El Marsa', NULL, NULL),
(593, 16, 'Harraoua', NULL, NULL),
(594, 16, 'Rouïba', NULL, NULL),
(595, 16, 'Reghaïa', NULL, NULL),
(596, 16, 'Aïn Benian', NULL, NULL),
(597, 16, 'Staoueli', NULL, NULL),
(598, 16, 'Zéralda', NULL, NULL),
(599, 16, 'Mahelma', NULL, NULL),
(600, 16, 'Rahmania', NULL, NULL),
(601, 16, 'Souidania', NULL, NULL),
(602, 16, 'Chéraga', NULL, NULL),
(603, 16, 'Ouled Fayet', NULL, NULL),
(604, 16, 'El Achour', NULL, NULL),
(605, 16, 'Draria', NULL, NULL),
(606, 16, 'Douera', NULL, NULL),
(607, 16, 'Baba Hassen', NULL, NULL),
(608, 16, 'Khraicia', NULL, NULL),
(609, 16, 'Saoula', NULL, NULL),
(610, 17, 'Djelfa', NULL, NULL),
(611, 17, 'Moudjebara', NULL, NULL),
(612, 17, 'El Guedid', NULL, NULL),
(613, 17, 'Hassi Bahbah', NULL, NULL),
(614, 17, 'Aïn Maabed', NULL, NULL),
(615, 17, 'Sed Rahal', NULL, NULL),
(616, 17, 'Faidh El Botma', NULL, NULL),
(617, 17, 'Birine', NULL, NULL),
(618, 17, 'Bouira Lahdab', NULL, NULL),
(619, 17, 'Zaccar', NULL, NULL),
(620, 17, 'El Khemis', NULL, NULL),
(621, 17, 'Sidi Baizid', NULL, NULL),
(622, 17, 'M\'Liliha', NULL, NULL),
(623, 17, 'El Idrissia', NULL, NULL),
(624, 17, 'Douis', NULL, NULL),
(625, 17, 'Hassi El Euch', NULL, NULL),
(626, 17, 'Messaad', NULL, NULL),
(627, 17, 'Guettara', NULL, NULL),
(628, 17, 'Sidi Ladjel', NULL, NULL),
(629, 17, 'Had-Sahary', NULL, NULL),
(630, 17, 'Guernini', NULL, NULL),
(631, 17, 'Selmana', NULL, NULL),
(632, 17, 'Aïn Chouhada', NULL, NULL),
(633, 17, 'Oum Laadham', NULL, NULL),
(634, 17, 'Dar Chioukh', NULL, NULL),
(635, 17, 'Charef', NULL, NULL),
(636, 17, 'Beni Yagoub', NULL, NULL),
(637, 17, 'Zaafrane', NULL, NULL),
(638, 17, 'Deldoul', NULL, NULL),
(639, 17, 'Aïn El Ibel', NULL, NULL),
(640, 17, 'Aïn Oussara', NULL, NULL),
(641, 17, 'Benhar', NULL, NULL),
(642, 17, 'Hassi Fedoul', NULL, NULL),
(643, 17, 'Amourah', NULL, NULL),
(644, 17, 'Aïn Feka', NULL, NULL),
(645, 17, 'Tadmit', NULL, NULL),
(646, 18, 'Jijel', NULL, NULL),
(647, 18, 'Eraguene', NULL, NULL),
(648, 18, 'El Aouana', NULL, NULL),
(649, 18, 'Ziama Mansouriah', NULL, NULL),
(650, 18, 'Taher', NULL, NULL),
(651, 18, 'Emir Abdelkader', NULL, NULL),
(652, 18, 'Chekfa', NULL, NULL),
(653, 18, 'Chahna', NULL, NULL),
(654, 18, 'El Milia', NULL, NULL),
(655, 18, 'Sidi Maarouf', NULL, NULL),
(656, 18, 'Settara', NULL, NULL),
(657, 18, 'El Ancer', NULL, NULL),
(658, 18, 'Sidi Abdelaziz', NULL, NULL),
(659, 18, 'Kaous', NULL, NULL),
(660, 18, 'Ghebala', NULL, NULL),
(661, 18, 'Bouraoui Belhadef', NULL, NULL),
(662, 18, 'Djimla', NULL, NULL),
(663, 18, 'Selma Benziada', NULL, NULL),
(664, 18, 'Boucif Ouled Askeur', NULL, NULL),
(665, 18, 'El Kennar Nouchfi', NULL, NULL),
(666, 18, 'Ouled Yahia Khedrouche', NULL, NULL),
(667, 18, 'Boudriaa Ben Yadjis', NULL, NULL),
(668, 18, 'Kheïri Oued Adjoul', NULL, NULL),
(669, 18, 'Texenna', NULL, NULL),
(670, 18, 'Djemaa Beni Habibi', NULL, NULL),
(671, 18, 'Bordj Tahar', NULL, NULL),
(672, 18, 'Ouled Rabah', NULL, NULL),
(673, 18, 'Ouadjana', NULL, NULL),
(674, 19, 'Sétif', NULL, NULL),
(675, 19, 'Aïn El Kebira', NULL, NULL),
(676, 19, 'Beni Aziz', NULL, NULL),
(677, 19, 'Ouled Si Ahmed', NULL, NULL),
(678, 19, 'Boutaleb', NULL, NULL),
(679, 19, 'Aïn Roua', NULL, NULL),
(680, 19, 'Draa Kebila', NULL, NULL),
(681, 19, 'Bir El Arch', NULL, NULL),
(682, 19, 'Beni Chebana', NULL, NULL),
(683, 19, 'Ouled Tebben', NULL, NULL),
(684, 19, 'Hamma', NULL, NULL),
(685, 19, 'Maaouia', NULL, NULL),
(686, 19, 'Aïn Legraj', NULL, NULL),
(687, 19, 'Aïn Abessa', NULL, NULL),
(688, 19, 'Dehamcha', NULL, NULL),
(689, 19, 'Babor', NULL, NULL),
(690, 19, 'Guidjel', NULL, NULL),
(691, 19, 'Aïn Lahdjar', NULL, NULL),
(692, 19, 'Bousselam', NULL, NULL),
(693, 19, 'El Eulma', NULL, NULL),
(694, 19, 'Djemila', NULL, NULL),
(695, 19, 'Beni Ourtilane', NULL, NULL),
(696, 19, 'Rasfa', NULL, NULL),
(697, 19, 'Ouled Addouane', NULL, NULL),
(698, 19, 'Belaa', NULL, NULL),
(699, 19, 'Aïn Arnat', NULL, NULL),
(700, 19, 'Amoucha', NULL, NULL),
(701, 19, 'Aïn Oulmene', NULL, NULL),
(702, 19, 'Beidha Bordj', NULL, NULL),
(703, 19, 'Bouandas', NULL, NULL),
(704, 19, 'Bazer Sakhra', NULL, NULL),
(705, 19, 'Hammam Soukhna', NULL, NULL),
(706, 19, 'Mezloug', NULL, NULL),
(707, 19, 'Bir Haddada', NULL, NULL),
(708, 19, 'Serdj El Ghoul', NULL, NULL),
(709, 19, 'Harbil', NULL, NULL),
(710, 19, 'El Ouricia', NULL, NULL),
(711, 19, 'Tizi N\'Bechar', NULL, NULL),
(712, 19, 'Salah Bey', NULL, NULL),
(713, 19, 'Aïn Azel', NULL, NULL),
(714, 19, 'Guenzet', NULL, NULL),
(715, 19, 'Talaifacene', NULL, NULL),
(716, 19, 'Bougaa', NULL, NULL),
(717, 19, 'Beni Fouda', NULL, NULL),
(718, 19, 'Tachouda', NULL, NULL),
(719, 19, 'Beni Mouhli', NULL, NULL),
(720, 19, 'Ouled Sabor', NULL, NULL),
(721, 19, 'Guellal', NULL, NULL),
(722, 19, 'Aïn Sebt', NULL, NULL),
(723, 19, 'Hammam Guergour', NULL, NULL),
(724, 19, 'Aït Naoual Mezada', NULL, NULL),
(725, 19, 'Ksar El Abtal', NULL, NULL),
(726, 19, 'Beni Hocine', NULL, NULL),
(727, 19, 'Aït Tizi', NULL, NULL),
(728, 19, 'Maoklane', NULL, NULL),
(729, 19, 'Guelta Zerka', NULL, NULL),
(730, 19, 'Oued El Barad', NULL, NULL),
(731, 19, 'Taya', NULL, NULL),
(732, 19, 'El Ouldja', NULL, NULL),
(733, 19, 'Tella', NULL, NULL),
(734, 20, 'Saïda', NULL, NULL),
(735, 20, 'Doui Thabet', NULL, NULL),
(736, 20, 'Aïn El Hadjar', NULL, NULL),
(737, 20, 'Ouled Khaled', NULL, NULL),
(738, 20, 'Moulay Larbi', NULL, NULL),
(739, 20, 'Youb', NULL, NULL),
(740, 20, 'Hounet', NULL, NULL),
(741, 20, 'Sidi Amar', NULL, NULL),
(742, 20, 'Sidi Boubekeur', NULL, NULL),
(743, 20, 'El Hassasna', NULL, NULL),
(744, 20, 'Maamora', NULL, NULL),
(745, 20, 'Sidi Ahmed', NULL, NULL),
(746, 20, 'Aïn Sekhouna', NULL, NULL),
(747, 20, 'Ouled Brahim', NULL, NULL),
(748, 20, 'Tircine', NULL, NULL),
(749, 20, 'Aïn Soltane', NULL, NULL),
(750, 21, 'Skikda', NULL, NULL),
(751, 21, 'Aïn Zouit', NULL, NULL),
(752, 21, 'El Hadaiek', NULL, NULL),
(753, 21, 'Azzaba', NULL, NULL),
(754, 21, 'Djendel Saadi Mohamed', NULL, NULL),
(755, 21, 'Aïn Charchar', NULL, NULL),
(756, 21, 'Bekkouche Lakhdar', NULL, NULL),
(757, 21, 'Ben Azzouz', NULL, NULL),
(758, 21, 'Es Sebt', NULL, NULL),
(759, 21, 'Collo', NULL, NULL),
(760, 21, 'Beni Zid', NULL, NULL),
(761, 21, 'Kerkera', NULL, NULL),
(762, 21, 'Ouled Attia', NULL, NULL),
(763, 21, 'Oued Zehour', NULL, NULL),
(764, 21, 'Zitouna', NULL, NULL),
(765, 21, 'El Harrouch', NULL, NULL),
(766, 21, 'Zerdaza', NULL, NULL),
(767, 21, 'Ouled Hbaba', NULL, NULL),
(768, 21, 'Sidi Mezghiche', NULL, NULL),
(769, 21, 'Emdjez Edchich', NULL, NULL),
(770, 21, 'Beni Oulbane', NULL, NULL),
(771, 21, 'Aïn Bouziane', NULL, NULL),
(772, 21, 'Ramdane Djamel', NULL, NULL),
(773, 21, 'Beni Bechir', NULL, NULL),
(774, 21, 'Salah Bouchaour', NULL, NULL),
(775, 21, 'Tamalous', NULL, NULL),
(776, 21, 'Aïn Kechra', NULL, NULL),
(777, 21, 'Oum Toub', NULL, NULL),
(778, 21, 'Bin El Ouiden', NULL, NULL),
(779, 21, 'Filfila', NULL, NULL),
(780, 21, 'Cheraia', NULL, NULL),
(781, 21, 'Kanoua', NULL, NULL),
(782, 21, 'El Ghedir', NULL, NULL),
(783, 21, 'Bouchtata', NULL, NULL),
(784, 21, 'Ouldja Boulballout', NULL, NULL),
(785, 21, 'Kheneg Mayoum', NULL, NULL),
(786, 21, 'Hamadi Krouma', NULL, NULL),
(787, 21, 'El Marsa', NULL, NULL),
(788, 22, 'Sidi bel Abbès', NULL, NULL),
(789, 22, 'Tessala', NULL, NULL),
(790, 22, 'Sidi Brahim', NULL, NULL),
(791, 22, 'Mostefa Ben Brahim', NULL, NULL),
(792, 22, 'Telagh', NULL, NULL),
(793, 22, 'Mezaourou', NULL, NULL),
(794, 22, 'Boukhanafis', NULL, NULL),
(795, 22, 'Sidi Ali Boussidi', NULL, NULL),
(796, 22, 'Badredine El Mokrani', NULL, NULL),
(797, 22, 'Marhoum', NULL, NULL),
(798, 22, 'Tafissour', NULL, NULL),
(799, 22, 'Amarnas', NULL, NULL),
(800, 22, 'Tilmouni', NULL, NULL),
(801, 22, 'Sidi Lahcene', NULL, NULL),
(802, 22, 'Aïn Thrid', NULL, NULL),
(803, 22, 'Makedra', NULL, NULL),
(804, 22, 'Tenira', NULL, NULL),
(805, 22, 'Moulay Slissen', NULL, NULL),
(806, 22, 'El Haçaiba', NULL, NULL),
(807, 22, 'Hassi Zahana', NULL, NULL),
(808, 22, 'Tabia', NULL, NULL),
(809, 22, 'Merine', NULL, NULL),
(810, 22, 'Ras El Ma', NULL, NULL),
(811, 22, 'Aïn Tindamine', NULL, NULL),
(812, 22, 'Aïn Kada', NULL, NULL),
(813, 22, 'M\'Cid', NULL, NULL),
(814, 22, 'Sidi Khaled', NULL, NULL),
(815, 22, 'Aïn El Berd', NULL, NULL),
(816, 22, 'Sfisef', NULL, NULL),
(817, 22, 'Aïn Adden', NULL, NULL),
(818, 22, 'Oued Taourira', NULL, NULL),
(819, 22, 'Dhaya', NULL, NULL),
(820, 22, 'Zerouala', NULL, NULL),
(821, 22, 'Lamtar', NULL, NULL),
(822, 22, 'Sidi Chaib', NULL, NULL),
(823, 22, 'Sidi Daho des Zairs', NULL, NULL),
(824, 22, 'Oued Sebaa', NULL, NULL),
(825, 22, 'Boudjebaa El Bordj', NULL, NULL),
(826, 22, 'Sehala Thaoura', NULL, NULL),
(827, 22, 'Sidi Yacoub', NULL, NULL),
(828, 22, 'Sidi Hamadouche', NULL, NULL),
(829, 22, 'Belarbi', NULL, NULL),
(830, 22, 'Oued Sefioun', NULL, NULL),
(831, 22, 'Teghalimet', NULL, NULL),
(832, 22, 'Ben Badis', NULL, NULL),
(833, 22, 'Sidi Ali Benyoub', NULL, NULL),
(834, 22, 'Chettouane Belaila', NULL, NULL),
(835, 22, 'Bir El Hammam', NULL, NULL),
(836, 22, 'Taoudmout', NULL, NULL),
(837, 22, 'Redjem Demouche', NULL, NULL),
(838, 22, 'Benachiba Chelia', NULL, NULL),
(839, 22, 'Hassi Dahou', NULL, NULL),
(840, 23, 'Annaba', NULL, NULL),
(841, 23, 'Barrahal', NULL, NULL),
(842, 23, 'El Hadjar', NULL, NULL),
(843, 23, 'El Eulma', NULL, NULL),
(844, 23, 'El Bouni', NULL, NULL),
(845, 23, 'Oued El Aneb', NULL, NULL),
(846, 23, 'Cheurfa', NULL, NULL),
(847, 23, 'Seraïdi', NULL, NULL),
(848, 23, 'Aïn Berda', NULL, NULL),
(849, 23, 'Chetaïbi', NULL, NULL),
(850, 23, 'Sidi Amar', NULL, NULL),
(851, 23, 'Treat', NULL, NULL),
(852, 24, 'Guelma', NULL, NULL),
(853, 24, 'Nechmaya', NULL, NULL),
(854, 24, 'Bouati Mahmoud', NULL, NULL),
(855, 24, 'Oued Zenati', NULL, NULL),
(856, 24, 'Tamlouka', NULL, NULL),
(857, 24, 'Oued Fragha', NULL, NULL),
(858, 24, 'Aïn Sandel', NULL, NULL),
(859, 24, 'Ras El Agba', NULL, NULL),
(860, 24, 'Dahouara', NULL, NULL),
(861, 24, 'Belkheir', NULL, NULL),
(862, 24, 'Ben Djerrah', NULL, NULL),
(863, 24, 'Bouhamdane', NULL, NULL),
(864, 24, 'Aïn Makhlouf', NULL, NULL),
(865, 24, 'Aïn Ben Beida', NULL, NULL),
(866, 24, 'Khezarra', NULL, NULL),
(867, 24, 'Beni Mezline', NULL, NULL),
(868, 24, 'Bouhachana', NULL, NULL),
(869, 24, 'Guelaat Bou Sbaa', NULL, NULL),
(870, 24, 'Hammam Debagh', NULL, NULL),
(871, 24, 'El Fedjoudj', NULL, NULL),
(872, 24, 'Bordj Sabat', NULL, NULL),
(873, 24, 'Hammam N\'Bail', NULL, NULL),
(874, 24, 'Aïn Larbi', NULL, NULL),
(875, 24, 'Medjez Amar', NULL, NULL),
(876, 24, 'Bouchegouf', NULL, NULL),
(877, 24, 'Héliopolis', NULL, NULL),
(878, 24, 'Houari Boumédiène (Aïn Hessania)', NULL, NULL),
(879, 24, 'Roknia', NULL, NULL),
(880, 24, 'Sellaoua Announa', NULL, NULL),
(881, 24, 'Medjez Sfa', NULL, NULL),
(882, 24, 'Boumahra Ahmed', NULL, NULL),
(883, 24, 'Aïn Reggada', NULL, NULL),
(884, 24, 'Oued Cheham', NULL, NULL),
(885, 24, 'Djeballah Khemissi', NULL, NULL),
(886, 25, 'Constantine', NULL, NULL),
(887, 25, 'Hamma Bouziane', NULL, NULL),
(888, 25, 'Ibn Badis', NULL, NULL),
(889, 25, 'Zighoud Youcef', NULL, NULL),
(890, 25, 'Didouche Mourad', NULL, NULL),
(891, 25, 'El Khroub', NULL, NULL),
(892, 25, 'Aïn Abid', NULL, NULL),
(893, 25, 'Beni Hamiden', NULL, NULL),
(894, 25, 'Ouled Rahmoune', NULL, NULL),
(895, 25, 'Aïn Smara', NULL, NULL),
(896, 25, 'Messaoud Boudjriou', NULL, NULL),
(897, 25, 'Ibn Ziad', NULL, NULL),
(898, 26, 'Médéa', NULL, NULL),
(899, 26, 'Ouzera', NULL, NULL),
(900, 26, 'Ouled Maaref', NULL, NULL),
(901, 26, 'Aïn Boucif', NULL, NULL),
(902, 26, 'Aissaouia', NULL, NULL),
(903, 26, 'Ouled Deide', NULL, NULL),
(904, 26, 'El Omaria', NULL, NULL),
(905, 26, 'Derrag', NULL, NULL),
(906, 26, 'El Guelb El Kebir', NULL, NULL),
(907, 26, 'Bou Aiche', NULL, NULL),
(908, 26, 'Mezerana', NULL, NULL),
(909, 26, 'Ouled Brahim', NULL, NULL),
(910, 26, 'Tizi Mahdi (Damiat)', NULL, NULL),
(911, 26, 'Sidi Ziane', NULL, NULL),
(912, 26, 'Tamesguida', NULL, NULL),
(913, 26, 'El Hamdania', NULL, NULL),
(914, 26, 'Kef Lakhdar', NULL, NULL),
(915, 26, 'Chellalat El Adhaoura', NULL, NULL),
(916, 26, 'Bouskene', NULL, NULL),
(917, 26, 'Rebaia', NULL, NULL),
(918, 26, 'Bouchrahil', NULL, NULL),
(919, 26, 'Ouled Hellal', NULL, NULL),
(920, 26, 'Tafraout', NULL, NULL),
(921, 26, 'Baata', NULL, NULL),
(922, 26, 'Boghar', NULL, NULL),
(923, 26, 'Sidi Naamane', NULL, NULL),
(924, 26, 'Ouled Bouachra', NULL, NULL),
(925, 26, 'Sidi Zahar', NULL, NULL),
(926, 26, 'Oued Harbil', NULL, NULL),
(927, 26, 'Benchicao', NULL, NULL),
(928, 26, 'Sidi Damed', NULL, NULL),
(929, 26, 'Aziz', NULL, NULL),
(930, 26, 'Souagui', NULL, NULL),
(931, 26, 'Zoubiria', NULL, NULL),
(932, 26, 'Ksar El Boukhari', NULL, NULL),
(933, 26, 'El Azizia', NULL, NULL),
(934, 26, 'Djouab', NULL, NULL),
(935, 26, 'Chahbounia', NULL, NULL),
(936, 26, 'Maghraoua', NULL, NULL),
(937, 26, 'Cheniguel', NULL, NULL),
(938, 26, 'Aïn Ouksir', NULL, NULL),
(939, 26, 'Oum El Djalil', NULL, NULL),
(940, 26, 'Ouamri', NULL, NULL),
(941, 26, 'Si Mahdjoub', NULL, NULL),
(942, 26, 'Tlatet Eddouar', NULL, NULL),
(943, 26, 'Beni Slimane', NULL, NULL),
(944, 26, 'Berrouaghia', NULL, NULL),
(945, 26, 'Seghouane', NULL, NULL),
(946, 26, 'Meftaha', NULL, NULL),
(947, 26, 'Mihoub', NULL, NULL),
(948, 26, 'Boughezoul', NULL, NULL),
(949, 26, 'Tablat', NULL, NULL),
(950, 26, 'Deux Bassins', NULL, NULL),
(951, 26, 'Draa Essamar', NULL, NULL),
(952, 26, 'Sidi Errabia', NULL, NULL),
(953, 26, 'Bir Ben Laabed', NULL, NULL),
(954, 26, 'El Ouinet', NULL, NULL),
(955, 26, 'Ouled Antar', NULL, NULL),
(956, 26, 'Bouaichoune', NULL, NULL),
(957, 26, 'Hannacha', NULL, NULL),
(958, 26, 'Sedraia', NULL, NULL),
(959, 26, 'Moudjbar', NULL, NULL),
(960, 26, 'Khams Djouamaa', NULL, NULL),
(961, 26, 'Saneg', NULL, NULL),
(962, 27, 'Mostaganem', NULL, NULL),
(963, 27, 'Sayada', NULL, NULL),
(964, 27, 'Fornaka', NULL, NULL),
(965, 27, 'Stidia', NULL, NULL),
(966, 27, 'Aïn Nouïssy', NULL, NULL),
(967, 27, 'Hassi Mameche', NULL, NULL),
(968, 27, 'Aïn Tedles', NULL, NULL),
(969, 27, 'Sour', NULL, NULL),
(970, 27, 'Oued El Kheir', NULL, NULL),
(971, 27, 'Sidi Belattar', NULL, NULL),
(972, 27, 'Kheireddine', NULL, NULL),
(973, 27, 'Sidi Ali', NULL, NULL),
(974, 27, 'Abdelmalek Ramdane', NULL, NULL),
(975, 27, 'Hadjadj', NULL, NULL),
(976, 27, 'Nekmaria', NULL, NULL),
(977, 27, 'Sidi Lakhdar', NULL, NULL),
(978, 27, 'Achaacha', NULL, NULL),
(979, 27, 'Khadra', NULL, NULL),
(980, 27, 'Bouguirat', NULL, NULL),
(981, 27, 'Sirat', NULL, NULL),
(982, 27, 'Aïn Sidi Cherif', NULL, NULL),
(983, 27, 'Mesra', NULL, NULL),
(984, 27, 'Mansourah', NULL, NULL),
(985, 27, 'Souaflia', NULL, NULL),
(986, 27, 'Ouled Boughalem', NULL, NULL),
(987, 27, 'Ouled Maallah', NULL, NULL),
(988, 27, 'Mazagran', NULL, NULL),
(989, 27, 'Aïn Boudinar', NULL, NULL),
(990, 27, 'Tazgait', NULL, NULL),
(991, 27, 'Safsaf', NULL, NULL),
(992, 27, 'Touahria', NULL, NULL),
(993, 27, 'El Hassaine', NULL, NULL),
(994, 28, 'M\'Sila', NULL, NULL),
(995, 28, 'Maadid', NULL, NULL),
(996, 28, 'Hammam Dhalaa', NULL, NULL),
(997, 28, 'Ouled Derradj', NULL, NULL),
(998, 28, 'Tarmount', NULL, NULL),
(999, 28, 'M\'Tarfa', NULL, NULL),
(1000, 28, 'Khoubana', NULL, NULL),
(1001, 28, 'M\'Cif', NULL, NULL),
(1002, 28, 'Chellal', NULL, NULL),
(1003, 28, 'Ouled Madhi', NULL, NULL),
(1004, 28, 'Magra', NULL, NULL),
(1005, 28, 'Berhoum', NULL, NULL),
(1006, 28, 'Aïn Khadra', NULL, NULL),
(1007, 28, 'Ouled Addi Guebala', NULL, NULL),
(1008, 28, 'Belaiba', NULL, NULL),
(1009, 28, 'Sidi Aïssa', NULL, NULL),
(1010, 28, 'Aïn El Hadjel', NULL, NULL),
(1011, 28, 'Sidi Hadjeres', NULL, NULL),
(1012, 28, 'Ouanougha', NULL, NULL),
(1013, 28, 'Bou Saâda', NULL, NULL),
(1014, 28, 'Ouled Sidi Brahim', NULL, NULL),
(1015, 28, 'Sidi Ameur', NULL, NULL),
(1016, 28, 'Tamsa', NULL, NULL),
(1017, 28, 'Ben Srour', NULL, NULL),
(1018, 28, 'Ouled Slimane', NULL, NULL),
(1019, 28, 'El Houamed', NULL, NULL),
(1020, 28, 'El Hamel', NULL, NULL),
(1021, 28, 'Ouled Mansour', NULL, NULL),
(1022, 28, 'Maarif', NULL, NULL),
(1023, 28, 'Dehahna', NULL, NULL),
(1024, 28, 'Bouti Sayah', NULL, NULL),
(1025, 28, 'Khettouti Sed El Djir', NULL, NULL),
(1026, 28, 'Zarzour', NULL, NULL),
(1027, 28, 'Mohammed Boudiaf', NULL, NULL),
(1028, 28, 'Benzouh', NULL, NULL),
(1029, 28, 'Bir Foda', NULL, NULL),
(1030, 28, 'Aïn Fares', NULL, NULL),
(1031, 28, 'Sidi M\'hamed', NULL, NULL),
(1032, 28, 'Ouled Atia (Menaa)', NULL, NULL),
(1033, 28, 'Souamaa', NULL, NULL),
(1034, 28, 'Aïn El Melh', NULL, NULL),
(1035, 28, 'Medjedel', NULL, NULL),
(1036, 28, 'Slim', NULL, NULL),
(1037, 28, 'Aïn Errich', NULL, NULL),
(1038, 28, 'Beni Ilmane', NULL, NULL),
(1039, 28, 'Oultem', NULL, NULL),
(1040, 28, 'Djebel Messaad', NULL, NULL),
(1041, 29, 'Mascara', NULL, NULL),
(1042, 29, 'Bou Hanifia', NULL, NULL),
(1043, 29, 'Tizi', NULL, NULL),
(1044, 29, 'Hacine', NULL, NULL),
(1045, 29, 'Maoussa', NULL, NULL),
(1046, 29, 'Tighennif', NULL, NULL),
(1047, 29, 'Hachem', NULL, NULL),
(1048, 29, 'Sidi Kada', NULL, NULL),
(1049, 29, 'Zelmata', NULL, NULL),
(1050, 29, 'Oued El Abtal', NULL, NULL),
(1051, 29, 'Aïn Ferah', NULL, NULL),
(1052, 29, 'Ghriss', NULL, NULL),
(1053, 29, 'Froha', NULL, NULL),
(1054, 29, 'Matemore', NULL, NULL),
(1055, 29, 'Makdha', NULL, NULL),
(1056, 29, 'Sidi Boussaid', NULL, NULL),
(1057, 29, 'El Bordj', NULL, NULL),
(1058, 29, 'Aïn Fekan', NULL, NULL),
(1059, 29, 'Beniane', NULL, NULL),
(1060, 29, 'Khalouia', NULL, NULL),
(1061, 29, 'El Menaouer', NULL, NULL),
(1062, 29, 'Oued Taria', NULL, NULL),
(1063, 29, 'Aouf', NULL, NULL),
(1064, 29, 'Aïn Fras', NULL, NULL),
(1065, 29, 'Aïn Frass', NULL, NULL),
(1066, 29, 'Sig', NULL, NULL),
(1067, 29, 'Oggaz', NULL, NULL),
(1068, 29, 'Alaïmia', NULL, NULL),
(1069, 29, 'El Gaada', NULL, NULL),
(1070, 29, 'Zahana', NULL, NULL),
(1071, 29, 'Mohammadia', NULL, NULL),
(1072, 29, 'Sidi Abdelmoumen', NULL, NULL),
(1073, 29, 'Ferraguig', NULL, NULL),
(1074, 29, 'El Ghomri', NULL, NULL),
(1075, 29, 'Sedjerara', NULL, NULL),
(1076, 29, 'Mocta Douz', NULL, NULL),
(1077, 29, 'Bou Henni', NULL, NULL),
(1078, 29, 'El Guettana', NULL, NULL),
(1079, 29, 'Mamounia', NULL, NULL),
(1080, 29, 'El Keurt', NULL, NULL),
(1081, 29, 'Gharrous', NULL, NULL),
(1082, 29, 'Guerdjoum', NULL, NULL),
(1083, 29, 'Chorfa', NULL, NULL),
(1084, 29, 'Ras El Aïn Amirouche', NULL, NULL),
(1085, 29, 'Nesmoth', NULL, NULL),
(1086, 29, 'Sidi Abdeldjebar', NULL, NULL),
(1087, 29, 'Sehailia', NULL, NULL),
(1088, 30, 'Ouargla', NULL, NULL),
(1089, 30, 'Aïn Beida', NULL, NULL),
(1090, 30, 'N\'Goussa', NULL, NULL),
(1091, 30, 'Hassi Messaoud', NULL, NULL),
(1092, 30, 'Rouissat', NULL, NULL),
(1093, 30, 'Blidet Amor', NULL, NULL),
(1094, 30, 'Tebesbest', NULL, NULL),
(1095, 30, 'Nezla', NULL, NULL),
(1096, 30, 'Zaouia El Abidia', NULL, NULL),
(1097, 30, 'Sidi Slimane', NULL, NULL),
(1098, 30, 'Sidi Khouiled', NULL, NULL),
(1099, 30, 'Hassi Ben Abdellah', NULL, NULL),
(1100, 30, 'Touggourt', NULL, NULL),
(1101, 30, 'El Hadjira', NULL, NULL),
(1102, 30, 'Taibet', NULL, NULL),
(1103, 30, 'Tamacine', NULL, NULL),
(1104, 30, 'Benaceur', NULL, NULL),
(1105, 30, 'M\'Naguer', NULL, NULL),
(1106, 30, 'Megarine', NULL, NULL),
(1107, 30, 'El Allia', NULL, NULL),
(1108, 30, 'El Borma', NULL, NULL),
(1109, 31, 'Oran', NULL, NULL),
(1110, 31, 'Gdyel', NULL, NULL),
(1111, 31, 'Bir El Djir', NULL, NULL),
(1112, 31, 'Hassi Bounif', NULL, NULL),
(1113, 31, 'Es Sénia', NULL, NULL),
(1114, 31, 'Arzew', NULL, NULL),
(1115, 31, 'Bethioua', NULL, NULL),
(1116, 31, 'Marsat El Hadjadj', NULL, NULL),
(1117, 31, 'Aïn El Turk', NULL, NULL),
(1118, 31, 'El Ançor', NULL, NULL),
(1119, 31, 'Oued Tlelat', NULL, NULL),
(1120, 31, 'Tafraoui', NULL, NULL),
(1121, 31, 'Sidi Chami', NULL, NULL),
(1122, 31, 'Boufatis', NULL, NULL),
(1123, 31, 'Mers El Kébir', NULL, NULL),
(1124, 31, 'Bousfer', NULL, NULL),
(1125, 31, 'El Kerma', NULL, NULL),
(1126, 31, 'El Braya', NULL, NULL),
(1127, 31, 'Hassi Ben Okba', NULL, NULL),
(1128, 31, 'Ben Freha', NULL, NULL),
(1129, 31, 'Hassi Mefsoukh', NULL, NULL),
(1130, 31, 'Sidi Benyebka', NULL, NULL),
(1131, 31, 'Misserghin', NULL, NULL),
(1132, 31, 'Boutlelis', NULL, NULL),
(1133, 31, 'Aïn El Kerma', NULL, NULL),
(1134, 31, 'Aïn El Bia', NULL, NULL),
(1135, 32, 'El Bayadh', NULL, NULL),
(1136, 32, 'Rogassa', NULL, NULL),
(1137, 32, 'Stitten', NULL, NULL),
(1138, 32, 'Brezina', NULL, NULL),
(1139, 32, 'Ghassoul', NULL, NULL),
(1140, 32, 'Boualem', NULL, NULL),
(1141, 32, 'El Abiodh Sidi Cheikh', NULL, NULL),
(1142, 32, 'Aïn El Orak', NULL, NULL),
(1143, 32, 'Arbaouat', NULL, NULL),
(1144, 32, 'Bougtoub', NULL, NULL),
(1145, 32, 'El Kheiter', NULL, NULL),
(1146, 32, 'Kef El Ahmar', NULL, NULL),
(1147, 32, 'Boussemghoun', NULL, NULL),
(1148, 32, 'Chellala', NULL, NULL),
(1149, 32, 'Kraakda', NULL, NULL),
(1150, 32, 'El Bnoud', NULL, NULL),
(1151, 32, 'Cheguig', NULL, NULL),
(1152, 32, 'Sidi Ameur', NULL, NULL),
(1153, 32, 'El Mehara', NULL, NULL),
(1154, 32, 'Tousmouline', NULL, NULL),
(1155, 32, 'Sidi Slimane', NULL, NULL),
(1156, 32, 'Sidi Tifour', NULL, NULL),
(1157, 33, 'Illizi', NULL, NULL),
(1158, 33, 'Djanet', NULL, NULL),
(1159, 33, 'Debdeb', NULL, NULL),
(1160, 33, 'Bordj Omar Driss', NULL, NULL),
(1161, 33, 'Bordj El Haouas', NULL, NULL),
(1162, 33, 'In Amenas', NULL, NULL),
(1163, 34, 'Bordj Bou Arreridj', NULL, NULL),
(1164, 34, 'Ras El Oued', NULL, NULL),
(1165, 34, 'Bordj Zemoura', NULL, NULL),
(1166, 34, 'Mansoura', NULL, NULL),
(1167, 34, 'El M\'hir', NULL, NULL),
(1168, 34, 'Ben Daoud', NULL, NULL),
(1169, 34, 'El Achir', NULL, NULL),
(1170, 34, 'Aïn Taghrout', NULL, NULL),
(1171, 34, 'Bordj Ghedir', NULL, NULL),
(1172, 34, 'Sidi Embarek', NULL, NULL),
(1173, 34, 'El Hamadia', NULL, NULL),
(1174, 34, 'Belimour', NULL, NULL),
(1175, 34, 'Medjana', NULL, NULL),
(1176, 34, 'Teniet En Nasr', NULL, NULL),
(1177, 34, 'Djaafra', NULL, NULL),
(1178, 34, 'El Main', NULL, NULL),
(1179, 34, 'Ouled Brahim', NULL, NULL),
(1180, 34, 'Ouled Dahmane', NULL, NULL),
(1181, 34, 'Hasnaoua', NULL, NULL),
(1182, 34, 'Khelil', NULL, NULL),
(1183, 34, 'Taglait', NULL, NULL),
(1184, 34, 'Ksour', NULL, NULL),
(1185, 34, 'Ouled Sidi Brahim', NULL, NULL),
(1186, 34, 'Tefreg', NULL, NULL),
(1187, 34, 'Colla', NULL, NULL),
(1188, 34, 'Tixter', NULL, NULL),
(1189, 34, 'El Ach', NULL, NULL),
(1190, 34, 'El Anceur', NULL, NULL),
(1191, 34, 'Tassameurt', NULL, NULL),
(1192, 34, 'Aïn Tesra', NULL, NULL),
(1193, 34, 'Bir Kasdali', NULL, NULL),
(1194, 34, 'Ghilassa', NULL, NULL),
(1195, 34, 'Rabta', NULL, NULL),
(1196, 34, 'Haraza', NULL, NULL),
(1197, 35, 'Boumerdès', NULL, NULL),
(1198, 35, 'Boudouaou', NULL, NULL),
(1199, 35, 'Afir', NULL, NULL),
(1200, 35, 'Bordj Menaïel', NULL, NULL),
(1201, 35, 'Baghlia', NULL, NULL),
(1202, 35, 'Sidi Daoud', NULL, NULL),
(1203, 35, 'Naciria', NULL, NULL),
(1204, 35, 'Djinet', NULL, NULL),
(1205, 35, 'Issers', NULL, NULL),
(1206, 35, 'Zemmouri', NULL, NULL),
(1207, 35, 'Si Mustapha', NULL, NULL),
(1208, 35, 'Tidjelabine', NULL, NULL),
(1209, 35, 'Chabet El Ameur', NULL, NULL),
(1210, 35, 'Thenia', NULL, NULL),
(1211, 35, 'Timezrit', NULL, NULL),
(1212, 35, 'Corso', NULL, NULL),
(1213, 35, 'Ouled Moussa', NULL, NULL),
(1214, 35, 'Larbatache', NULL, NULL),
(1215, 35, 'Bouzegza Keddara', NULL, NULL),
(1216, 35, 'Taourga', NULL, NULL),
(1217, 35, 'Ouled Aïssa', NULL, NULL),
(1218, 35, 'Ben Choud', NULL, NULL),
(1219, 35, 'Dellys', NULL, NULL),
(1220, 35, 'Ammal', NULL, NULL),
(1221, 35, 'Beni Amrane', NULL, NULL),
(1222, 35, 'Souk El Had', NULL, NULL),
(1223, 35, 'Boudouaou El Bahri', NULL, NULL),
(1224, 35, 'Ouled Hedadj', NULL, NULL),
(1225, 35, 'Leghata', NULL, NULL),
(1226, 35, 'Hammedi', NULL, NULL),
(1227, 35, 'Khemis El Khechna', NULL, NULL),
(1228, 35, 'El Kharrouba', NULL, NULL),
(1229, 36, 'El Tarf', NULL, NULL),
(1230, 36, 'Bouhadjar', NULL, NULL),
(1231, 36, 'Ben Mehidi', NULL, NULL),
(1232, 36, 'Bougous', NULL, NULL),
(1233, 36, 'El Kala', NULL, NULL),
(1234, 36, 'Aïn El Assel', NULL, NULL),
(1235, 36, 'El Aïoun', NULL, NULL),
(1236, 36, 'Bouteldja', NULL, NULL),
(1237, 36, 'Souarekh', NULL, NULL),
(1238, 36, 'Berrihane', NULL, NULL),
(1239, 36, 'Lac des Oiseaux', NULL, NULL),
(1240, 36, 'Chefia', NULL, NULL),
(1241, 36, 'Dréan', NULL, NULL),
(1242, 36, 'Chihani', NULL, NULL),
(1243, 36, 'Chebaita Mokhtar', NULL, NULL),
(1244, 36, 'Besbes', NULL, NULL),
(1245, 36, 'Asfour', NULL, NULL),
(1246, 36, 'Echatt', NULL, NULL),
(1247, 36, 'Zerizer', NULL, NULL),
(1248, 36, 'Zitouna', NULL, NULL),
(1249, 36, 'Aïn Kerma', NULL, NULL),
(1250, 36, 'Oued Zitoun', NULL, NULL),
(1251, 36, 'Hammam Beni Salah', NULL, NULL),
(1252, 36, 'Raml Souk', NULL, NULL),
(1253, 37, 'Tindouf', NULL, NULL),
(1254, 37, 'Oum El Assel', NULL, NULL),
(1255, 38, 'Tissemsilt', NULL, NULL),
(1256, 38, 'Bordj Bou Naama', NULL, NULL),
(1257, 38, 'Theniet El Had', NULL, NULL),
(1258, 38, 'Lazharia', NULL, NULL),
(1259, 38, 'Beni Chaib', NULL, NULL),
(1260, 38, 'Lardjem', NULL, NULL),
(1261, 38, 'Melaab', NULL, NULL),
(1262, 38, 'Sidi Lantri', NULL, NULL),
(1263, 38, 'Bordj El Emir Abdelkader', NULL, NULL),
(1264, 38, 'Layoune', NULL, NULL),
(1265, 38, 'Khemisti', NULL, NULL),
(1266, 38, 'Ouled Bessem', NULL, NULL),
(1267, 38, 'Ammari', NULL, NULL),
(1268, 38, 'Youssoufia', NULL, NULL),
(1269, 38, 'Sidi Boutouchent', NULL, NULL),
(1270, 38, 'Larbaâ', NULL, NULL),
(1271, 38, 'Maacem', NULL, NULL),
(1272, 38, 'Sidi Abed', NULL, NULL),
(1273, 38, 'Tamalaht', NULL, NULL),
(1274, 38, 'Sidi Slimane', NULL, NULL),
(1275, 38, 'Boucaid', NULL, NULL),
(1276, 38, 'Beni Lahcene', NULL, NULL),
(1277, 39, 'El Oued', NULL, NULL),
(1278, 39, 'Robbah', NULL, NULL),
(1279, 39, 'Oued El Alenda', NULL, NULL),
(1280, 39, 'Bayadha', NULL, NULL),
(1281, 39, 'Nakhla', NULL, NULL),
(1282, 39, 'Guemar', NULL, NULL),
(1283, 39, 'Kouinine', NULL, NULL),
(1284, 39, 'Reguiba', NULL, NULL),
(1285, 39, 'Hamraia', NULL, NULL),
(1286, 39, 'Taghzout', NULL, NULL),
(1287, 39, 'Debila', NULL, NULL),
(1288, 39, 'Hassani Abdelkrim', NULL, NULL),
(1289, 39, 'Hassi Khalifa', NULL, NULL),
(1290, 39, 'Taleb Larbi', NULL, NULL),
(1291, 39, 'Douar El Ma', NULL, NULL),
(1292, 39, 'Sidi Aoun', NULL, NULL),
(1293, 39, 'Trifaoui', NULL, NULL),
(1294, 39, 'Magrane', NULL, NULL),
(1295, 39, 'Beni Guecha', NULL, NULL),
(1296, 39, 'Ourmas', NULL, NULL),
(1297, 39, 'Still', NULL, NULL),
(1298, 39, 'M\'Rara', NULL, NULL),
(1299, 39, 'Sidi Khellil', NULL, NULL),
(1300, 39, 'Tendla', NULL, NULL),
(1301, 39, 'El Ogla', NULL, NULL),
(1302, 39, 'Mih Ouansa', NULL, NULL),
(1303, 39, 'El M\'Ghair', NULL, NULL),
(1304, 39, 'Djamaa', NULL, NULL),
(1305, 39, 'Oum Touyour', NULL, NULL),
(1306, 39, 'Sidi Amrane', NULL, NULL),
(1307, 40, 'Khenchela', NULL, NULL),
(1308, 40, 'M\'Toussa', NULL, NULL),
(1309, 40, 'Kais', NULL, NULL),
(1310, 40, 'Baghaï', NULL, NULL),
(1311, 40, 'El Hamma', NULL, NULL),
(1312, 40, 'Aïn Touila', NULL, NULL),
(1313, 40, 'Taouzient', NULL, NULL),
(1314, 40, 'Bouhmama', NULL, NULL),
(1315, 40, 'El Oueldja', NULL, NULL),
(1316, 40, 'Remila', NULL, NULL),
(1317, 40, 'Chechar', NULL, NULL),
(1318, 40, 'Djellal', NULL, NULL),
(1319, 40, 'Babar', NULL, NULL),
(1320, 40, 'Tamza', NULL, NULL),
(1321, 40, 'Ensigha', NULL, NULL),
(1322, 40, 'Ouled Rechache', NULL, NULL),
(1323, 40, 'El Mahmal', NULL, NULL),
(1324, 40, 'M\'Sara', NULL, NULL),
(1325, 40, 'Yabous', NULL, NULL),
(1326, 40, 'Khirane', NULL, NULL),
(1327, 40, 'Chélia', NULL, NULL),
(1328, 41, 'Souk Ahras', NULL, NULL),
(1329, 41, 'Sedrata', NULL, NULL),
(1330, 41, 'Hanancha', NULL, NULL),
(1331, 41, 'Mechroha', NULL, NULL),
(1332, 41, 'Ouled Driss', NULL, NULL),
(1333, 41, 'Tiffech', NULL, NULL),
(1334, 41, 'Zaarouria', NULL, NULL),
(1335, 41, 'Taoura', NULL, NULL),
(1336, 41, 'Dréa', NULL, NULL),
(1337, 41, 'Heddada', NULL, NULL),
(1338, 41, 'Khedara', NULL, NULL),
(1339, 41, 'Merahna', NULL, NULL),
(1340, 41, 'Ouled Moumen', NULL, NULL),
(1341, 41, 'Bir Bou Haouch', NULL, NULL),
(1342, 41, 'M\'Daourouch', NULL, NULL),
(1343, 41, 'Oum El Adhaim', NULL, NULL),
(1344, 41, 'Aïn Zana', NULL, NULL),
(1345, 41, 'Aïn Soltane', NULL, NULL),
(1346, 41, 'Ouillen', NULL, NULL),
(1347, 41, 'Sidi Fredj', NULL, NULL),
(1348, 41, 'Safel El Ouiden', NULL, NULL),
(1349, 41, 'Ragouba', NULL, NULL),
(1350, 41, 'Khemissa', NULL, NULL),
(1351, 41, 'Oued Keberit', NULL, NULL),
(1352, 41, 'Terraguelt', NULL, NULL),
(1353, 41, 'Zouabi', NULL, NULL),
(1354, 42, 'Tipaza', NULL, NULL),
(1355, 42, 'Menaceur', NULL, NULL),
(1356, 42, 'Larhat', NULL, NULL),
(1357, 42, 'Douaouda', NULL, NULL),
(1358, 42, 'Bourkika', NULL, NULL),
(1359, 42, 'Khemisti', NULL, NULL),
(1360, 42, 'Aghbal', NULL, NULL),
(1361, 42, 'Hadjout', NULL, NULL),
(1362, 42, 'Sidi Amar', NULL, NULL),
(1363, 42, 'Gouraya', NULL, NULL),
(1364, 42, 'Nador', NULL, NULL),
(1365, 42, 'Chaiba', NULL, NULL),
(1366, 42, 'Aïn Tagourait', NULL, NULL),
(1367, 42, 'Cherchell', NULL, NULL),
(1368, 42, 'Damous', NULL, NULL),
(1369, 42, 'Merad', NULL, NULL),
(1370, 42, 'Fouka', NULL, NULL),
(1371, 42, 'Bou Ismaïl', NULL, NULL),
(1372, 42, 'Ahmar El Aïn', NULL, NULL),
(1373, 42, 'Bouharoun', NULL, NULL),
(1374, 42, 'Sidi Ghiles', NULL, NULL),
(1375, 42, 'Messelmoun', NULL, NULL),
(1376, 42, 'Sidi Rached', NULL, NULL),
(1377, 42, 'Koléa', NULL, NULL),
(1378, 42, 'Attatba', NULL, NULL),
(1379, 42, 'Sidi Semiane', NULL, NULL),
(1380, 42, 'Beni Milleuk', NULL, NULL),
(1381, 42, 'Hadjeret Ennous', NULL, NULL),
(1382, 43, 'Mila', NULL, NULL),
(1383, 43, 'Ferdjioua', NULL, NULL),
(1384, 43, 'Chelghoum Laïd', NULL, NULL),
(1385, 43, 'Oued Athmania', NULL, NULL),
(1386, 43, 'Aïn Mellouk', NULL, NULL),
(1387, 43, 'Teleghma', NULL, NULL),
(1388, 43, 'Oued Seguen', NULL, NULL),
(1389, 43, 'Tadjenanet', NULL, NULL),
(1390, 43, 'Benyahia Abderrahmane', NULL, NULL),
(1391, 43, 'Oued Endja', NULL, NULL),
(1392, 43, 'Ahmed Rachedi', NULL, NULL),
(1393, 43, 'Ouled Khalouf', NULL, NULL),
(1394, 43, 'Tiberguent', NULL, NULL),
(1395, 43, 'Bouhatem', NULL, NULL),
(1396, 43, 'Rouached', NULL, NULL),
(1397, 43, 'Tessala Lemtaï', NULL, NULL),
(1398, 43, 'Grarem Gouga', NULL, NULL),
(1399, 43, 'Sidi Mérouane', NULL, NULL),
(1400, 43, 'Tassadane Haddada', NULL, NULL),
(1401, 43, 'Derradji Bousselah', NULL, NULL),
(1402, 43, 'Minar Zarza', NULL, NULL),
(1403, 43, 'Amira Arrès', NULL, NULL),
(1404, 43, 'Terrai Bainen', NULL, NULL),
(1405, 43, 'Hamala', NULL, NULL),
(1406, 43, 'Aïn Tine', NULL, NULL),
(1407, 43, 'El Mechira', NULL, NULL),
(1408, 43, 'Sidi Khelifa', NULL, NULL),
(1409, 43, 'Zeghaia', NULL, NULL),
(1410, 43, 'Elayadi Barbes', NULL, NULL),
(1411, 43, 'Aïn Beida Harriche', NULL, NULL),
(1412, 43, 'Yahia Beni Guecha', NULL, NULL),
(1413, 43, 'Chigara', NULL, NULL),
(1414, 44, 'Aïn Defla', NULL, NULL),
(1415, 44, 'Miliana', NULL, NULL),
(1416, 44, 'Boumedfaa', NULL, NULL),
(1417, 44, 'Khemis Miliana', NULL, NULL),
(1418, 44, 'Hammam Righa', NULL, NULL),
(1419, 44, 'Arib', NULL, NULL),
(1420, 44, 'Djelida', NULL, NULL),
(1421, 44, 'El Amra', NULL, NULL),
(1422, 44, 'Bourached', NULL, NULL),
(1423, 44, 'El Attaf', NULL, NULL),
(1424, 44, 'El Abadia', NULL, NULL),
(1425, 44, 'Djendel', NULL, NULL),
(1426, 44, 'Oued Chorfa', NULL, NULL),
(1427, 44, 'Aïn Lechiekh', NULL, NULL),
(1428, 44, 'Oued Djemaa', NULL, NULL),
(1429, 44, 'Rouina', NULL, NULL),
(1430, 44, 'Zeddine', NULL, NULL),
(1431, 44, 'El Hassania', NULL, NULL),
(1432, 44, 'Bir Ould Khelifa', NULL, NULL),
(1433, 44, 'Aïn Soltane', NULL, NULL),
(1434, 44, 'Tarik Ibn Ziad', NULL, NULL),
(1435, 44, 'Bordj Emir Khaled', NULL, NULL),
(1436, 44, 'Aïn Torki', NULL, NULL),
(1437, 44, 'Sidi Lakhdar', NULL, NULL),
(1438, 44, 'Ben Allal', NULL, NULL),
(1439, 44, 'Aïn Benian', NULL, NULL),
(1440, 44, 'Hoceinia', NULL, NULL),
(1441, 44, 'Birbouche', NULL, NULL);
INSERT INTO `communes` (`id`, `wilaya`, `name`, `created_at`, `updated_at`) VALUES
(1442, 44, 'Djemaa Ouled Cheikh', NULL, NULL),
(1443, 44, 'Mekhatria', NULL, NULL),
(1444, 44, 'Bathia', NULL, NULL),
(1445, 44, 'Tacheta Zougagha', NULL, NULL),
(1446, 44, 'Aïn Bouyahia', NULL, NULL),
(1447, 44, 'El Maine', NULL, NULL),
(1448, 44, 'Tiberkanine', NULL, NULL),
(1449, 44, 'Belaas', NULL, NULL),
(1450, 45, 'Naâma', NULL, NULL),
(1451, 45, 'Méchria', NULL, NULL),
(1452, 45, 'Aïn Sefra', NULL, NULL),
(1453, 45, 'Tiout', NULL, NULL),
(1454, 45, 'Sfissifa', NULL, NULL),
(1455, 45, 'Moghrar', NULL, NULL),
(1456, 45, 'Assela', NULL, NULL),
(1457, 45, 'Djeniene Bourezg', NULL, NULL),
(1458, 45, 'Aïn Ben Khelil', NULL, NULL),
(1459, 45, 'Makman Ben Amer', NULL, NULL),
(1460, 45, 'Kasdir', NULL, NULL),
(1461, 45, 'El Biod', NULL, NULL),
(1462, 46, 'Aïn Témouchent', NULL, NULL),
(1463, 46, 'Chaabat El Leham', NULL, NULL),
(1464, 46, 'Ouled Kihal', NULL, NULL),
(1465, 46, 'Hammam Bou Hadjar', NULL, NULL),
(1466, 46, 'Bouzedjar', NULL, NULL),
(1467, 46, 'Oued Berkeche', NULL, NULL),
(1468, 46, 'Aghlal', NULL, NULL),
(1469, 46, 'Terga', NULL, NULL),
(1470, 46, 'Aïn El Arbaa', NULL, NULL),
(1471, 46, 'Tamzoura', NULL, NULL),
(1472, 46, 'Chentouf', NULL, NULL),
(1473, 46, 'Sidi Ben Adda', NULL, NULL),
(1474, 46, 'Aoubellil', NULL, NULL),
(1475, 46, 'El Malah', NULL, NULL),
(1476, 46, 'Sidi Boumedienne', NULL, NULL),
(1477, 46, 'Oued Sabah', NULL, NULL),
(1478, 46, 'Ouled Boudjemaa', NULL, NULL),
(1479, 46, 'Aïn Tolba', NULL, NULL),
(1480, 46, 'El Amria', NULL, NULL),
(1481, 46, 'Hassi El Ghella', NULL, NULL),
(1482, 46, 'Hassasna', NULL, NULL),
(1483, 46, 'Aïn Kihal', NULL, NULL),
(1484, 46, 'Béni Saf', NULL, NULL),
(1485, 46, 'Sidi Safi', NULL, NULL),
(1486, 46, 'Oulhaça El Gheraba', NULL, NULL),
(1487, 46, 'Sidi Ouriache', NULL, NULL),
(1488, 46, 'El Emir Abdelkader', NULL, NULL),
(1489, 46, 'El Messaid', NULL, NULL),
(1490, 47, 'Ghardaïa', NULL, NULL),
(1491, 47, 'El Menia (El Goléa)', NULL, NULL),
(1492, 47, 'Dhayet Bendhahoua', NULL, NULL),
(1493, 47, 'Berriane', NULL, NULL),
(1494, 47, 'Metlili', NULL, NULL),
(1495, 47, 'El Guerrara', NULL, NULL),
(1496, 47, 'El Atteuf', NULL, NULL),
(1497, 47, 'Zelfana', NULL, NULL),
(1498, 47, 'Sebseb', NULL, NULL),
(1499, 47, 'Bounoura', NULL, NULL),
(1500, 47, 'Hassi Fehal', NULL, NULL),
(1501, 47, 'Hassi Gara', NULL, NULL),
(1502, 47, 'Mansoura', NULL, NULL),
(1503, 48, 'Relizane', NULL, NULL),
(1504, 48, 'Oued Rhiou', NULL, NULL),
(1505, 48, 'Belassel Bouzegza', NULL, NULL),
(1506, 48, 'Sidi Saada', NULL, NULL),
(1507, 48, 'Ouled Aiche', NULL, NULL),
(1508, 48, 'Sidi Lazreg', NULL, NULL),
(1509, 48, 'El Hamadna', NULL, NULL),
(1510, 48, 'Sidi M\'Hamed Ben Ali', NULL, NULL),
(1511, 48, 'Mediouna', NULL, NULL),
(1512, 48, 'Sidi Khettab', NULL, NULL),
(1513, 48, 'Ammi Moussa', NULL, NULL),
(1514, 48, 'Zemmora', NULL, NULL),
(1515, 48, 'Beni Dergoun', NULL, NULL),
(1516, 48, 'Djidioua', NULL, NULL),
(1517, 48, 'El Guettar', NULL, NULL),
(1518, 48, 'Hamri', NULL, NULL),
(1519, 48, 'El Matmar', NULL, NULL),
(1520, 48, 'Sidi M\'Hamed Benaouda', NULL, NULL),
(1521, 48, 'Aïn Tarek', NULL, NULL),
(1522, 48, 'Oued Essalem', NULL, NULL),
(1523, 48, 'Ouarizane', NULL, NULL),
(1524, 48, 'Mazouna', NULL, NULL),
(1525, 48, 'Kalaa', NULL, NULL),
(1526, 48, 'Aïn Rahma', NULL, NULL),
(1527, 48, 'Yellel', NULL, NULL),
(1528, 48, 'Oued El Djemaa', NULL, NULL),
(1529, 48, 'Ramka', NULL, NULL),
(1530, 48, 'Mendes', NULL, NULL),
(1531, 48, 'Lahlef', NULL, NULL),
(1532, 48, 'Beni Zentis', NULL, NULL),
(1533, 48, 'Souk El Had', NULL, NULL),
(1534, 48, 'Dar Ben Abdellah', NULL, NULL),
(1535, 48, 'El Hassi', NULL, NULL),
(1536, 48, 'Had Echkalla', NULL, NULL),
(1537, 48, 'Bendaoud', NULL, NULL),
(1538, 48, 'El Ouldja', NULL, NULL),
(1539, 48, 'Merdja Sidi Abed', NULL, NULL),
(1540, 48, 'Ouled Sidi Mihoub', NULL, NULL);
